ID,下陷??distance,angle,x,y,
1,-3,0,71.41604423,120.5173286,22.41342065
1,-3,0.001,81.35467723,120.5183081,22.41360983
1,-3,0.002,46.24963879,120.5191928,22.41401817
1,-3,0.003,355.0499693,120.519444,22.41493121
1,-3,0.004,28.88355657,120.5197372,22.41586574
1,-3,0.005,30.51937779,120.5202362,22.41673099
1,-3,0.006,30.62487422,120.5207498,22.41758827
1,-3,0.007,28.80958408,120.5212655,22.41844419
1,-3,0.008,335.4067863,120.5215128,22.41934756
1,-3,0.009,334.4696961,120.521078,22.42024784
1,-3,0.01,343.4886554,120.520718,22.4211788
1,-3,0.011,353.5263174,120.5205214,22.42215716
1,-3,0.012,5.688860055,120.5205383,22.42315421
1,-3,0.013,18.85399192,120.5207968,22.42411774
1,-3,0.014,32.78824666,120.5212869,22.42498725
1,-3,0.015,50.78109065,120.5219599,22.42572322
1,-3,0.016,60.50676137,120.5227852,22.42628193
1,-3,0.017,89.70314953,120.5237566,22.42645705
1,-3,0.018,118.3099771,120.5246794,22.42609157
1,-3,0.019,169.0547787,120.5253092,22.42535216
1,-3,0.02,164.5980384,120.5255399,22.42437963
1,-3,0.021,167.8988083,120.5257874,22.42341098
1,-3,0.022,172.4048215,120.5259529,22.42242518
1,-3,0.023,176.4643581,120.5260357,22.42142886
1,-3,0.024,176.1410456,120.5260824,22.42042997
1,-3,0.025,169.9826226,120.5261897,22.41943647
1,-3,0.026,165.0761937,120.5264031,22.41846003
1,-3,0.027,162.8849914,120.5266875,22.41750143
1,-3,0.028,168.2950811,120.5269264,22.41653094
1,-3,0.029,185.158706,120.5270101,22.41553645
1,-3,0.03,200.7067031,120.5268335,22.41455604
1,-3,0.031,216.0165067,120.5264026,22.41365791
1,-3,0.032,222.740329,120.5257652,22.41289083
1,-3,0.033,240.7014389,120.5249631,22.41229858
1,-3,0.034,254.5949508,120.5240389,22.41192599
1,-3,0.035,268.8933343,120.5230508,22.41179974
1,-3,0.036,273.9045901,120.5220525,22.41184875
1,-3,0.037,255.3525422,120.5210649,22.41175231
1,-3,0.038,222.7963604,120.5202623,22.41118137
1,-3,0.039,223.0264998,120.5196043,22.410429
1,0,0,352.050303,120.200376,22.84139571
1,0,0.001,353.6298121,120.2002502,22.84238775
1,0,0.002,355.0044445,120.2001484,22.84338252
1,0,0.003,356.4658812,120.2000736,22.84437967
1,0,0.004,358.013105,120.2000275,22.84537856
1,0,0.005,0.449964113,120.2000116,22.84637839
1,0,0.006,2.151461197,120.200029,22.8473782
1,0,0.007,3.909560021,120.2000793,22.84837687
1,0,0.008,5.750589432,120.200164,22.84937321
1,0,0.009,7.669266955,120.2002842,22.85036588
1,0,0.01,10.41153087,120.200438,22.85135393
1,0,0.011,12.50367106,120.2006301,22.85233525
1,0,0.012,14.32324005,120.2008589,22.85330866
1,0,0.013,16.57207109,120.2011235,22.85427291
1,0,0.014,18.47660809,120.2014247,22.85522639
1,0,0.015,20.47364261,120.2017633,22.85616722
1,0,0.016,22.96280702,120.2021366,22.85709479
1,0,0.017,25.03060031,120.2025449,22.85800756
1,0,0.018,27.13477326,120.2029876,22.85890413
1,0,0.019,29.26996102,120.2034631,22.85978375
1,0,0.02,31.43688828,120.2039695,22.8606459
1,0,0.021,33.54650789,120.2045046,22.8614906
1,0,0.022,35.52507194,120.205066,22.86231809
1,0,0.023,36.91311443,120.2056504,22.86312946
1,0,0.024,37.524852,120.206256,22.86392518
1,0,0.025,39.24591393,120.20688,22.86470659
1,0,0.026,40.60437965,120.2075177,22.86547681
1,0,0.027,40.31253488,120.2081653,22.8662388
1,0,0.028,41.32174706,120.2088222,22.86699275
1,0,0.029,41.25736659,120.2094829,22.86774336
1,0,0.03,41.10718615,120.2101434,22.86849418
1,0,0.031,41.22383729,120.2108027,22.86924604
1,0,0.032,40.20647014,120.2114557,22.87000336
1,0,0.033,39.58144716,120.2120984,22.87076944
1,0,0.034,38.62952614,120.2127283,22.87154612
1,0,0.035,36.64728421,120.2133407,22.8723366
1,0,0.036,34.72143014,120.2139297,22.87314469
1,0,0.037,33.30443857,120.2144898,22.87397304
1,0,0.038,30.43923018,120.2150113,22.87482617
1,0,0.039,26.72647009,120.2154826,22.87570788
1,0,0.04,21.97246621,120.2158863,22.87662235
1,0,0.041,16.20309348,120.2161986,22.87757176
1,0,0.042,4.981559367,120.2163871,22.87855295
1,0,0.043,356.4306449,120.216421,22.87955108
1,0,0.044,348.3654576,120.2162944,22.88054169
1,0,0.045,341.7845685,120.2160321,22.88150577
1,0,0.046,336.5737885,120.2156733,22.88243873
1,0,0.047,333.2997785,120.2152439,22.88334166
1,0,0.048,330.0961819,120.2147614,22.8842174
1,0,0.049,327.369597,120.214236,22.88506814
1,0,0.05,324.1438579,120.2136723,22.88589404
1,0,0.051,321.9459126,120.2130759,22.88669661
1,0,0.052,320.5561797,120.2124501,22.88747652
1,0,0.053,318.837825,120.2117986,22.88823514
1,0,0.054,316.3928537,120.2111217,22.88897108
1,0,0.055,315.2888725,120.2104247,22.88968811
1,0,0.056,313.3255468,120.2097093,22.89038676
1,0,0.057,312.4783411,120.2089774,22.89106814
1,0,0.058,311.1065843,120.2082327,22.89173544
1,0,0.059,310.5694376,120.2074764,22.89238974
1,0,0.06,309.8128559,120.2067119,22.89303426
1,0,0.061,309.608637,120.2059417,22.89367209
1,0,0.062,309.5116551,120.2051669,22.89430428
1,0,0.063,309.0272363,120.2043933,22.8949379
1,0,0.064,309.3307472,120.20362,22.89557192
1,0,0.065,310.2081502,120.2028531,22.89621369
1,0,0.066,310.7716749,120.2020931,22.89686352
1,0,0.067,312.1109806,120.2013434,22.89752526
1,0,0.068,312.8812462,120.2006061,22.8982008
1,0,0.069,314.4661544,120.1998833,22.89889179
1,0,0.07,315.2805798,120.1991752,22.8995979
1,0,0.071,316.8677013,120.1984838,22.90032031
1,0,0.072,318.2523569,120.1978071,22.90105657
1,0,0.073,318.8826092,120.1971453,22.90180619
1,0,0.074,319.8371973,120.1964949,22.9025658
1,0,0.075,320.5844934,120.1958542,22.90333355
1,0,0.076,320.78066,120.1952206,22.90410721
1,0,0.077,321.0026681,120.1945912,22.90488431
1,0,0.078,321.0399749,120.193963,22.90566239
1,0,0.079,320.9200006,120.1933335,22.90643935
1,0,0.08,320.6672311,120.1927006,22.90721362
1,0,0.081,319.9304693,120.1920615,22.90798275
1,0,0.082,319.4377283,120.1914152,22.90874575
1,0,0.083,318.9437107,120.1907607,22.90950184
1,0,0.084,317.8797004,120.1900968,22.91024961
1,0,0.085,317.4653803,120.1894237,22.91098915
1,0,0.086,317.0012253,120.188743,22.91172173
1,0,0.087,316.14541,120.1880539,22.91244637
1,0,0.088,316.2617599,120.1873592,22.9131657
1,0,0.089,315.1518658,120.1866605,22.9138811
1,0,0.09,315.5764258,120.1859573,22.91459199
1,0,0.091,311.0205621,120.1852435,22.91529203
1,0,0.092,298.2943849,120.1844462,22.91588979
1,0,0.093,290.6379929,120.1835329,22.91629557
1,0,0.094,290.8544854,120.1825977,22.91664965
1,0,0.095,35.41674951,120.2185865,22.79666567
1,0,0.096,28.74656827,120.2190989,22.79752382
1,0,0.097,19.86966735,120.219491,22.79844275
1,0,0.098,10.37482985,120.2197383,22.79940988
1,0,0.099,359.9592779,120.2198004,22.80040607
1,0,0.1,339.7241051,120.21963,22.80138851
1,0,0.101,322.8764515,120.2192138,22.80229306
1,0,0.102,315.0511511,120.2185537,22.80303809
1,0,0.103,298.6632429,120.2177074,22.80356332
1,0,0.104,276.9465838,120.2167353,22.80378129
1,0,0.105,259.8685926,120.2157445,22.80367417
1,0,0.106,314.5008243,120.2014943,22.80618407
1,-5,0,77.57928658,120.3697567,23.63636628
1,-5,0.001,54.05973701,120.370668,23.6367541
1,-5,0.002,22.28483923,120.3712592,23.63753964
1,-5,0.003,353.5331809,120.371351,23.63851917
1,-5,0.004,323.9273036,120.3709295,23.63941134
1,-5,0.005,298.2495759,120.3701686,23.64004798
1,-5,0.006,280.7970924,120.3692264,23.64036626
1,-5,0.007,259.3962267,120.3682352,23.64033707
1,-5,0.008,227.9403051,120.3673525,23.63989923
1,-5,0.009,204.6147386,120.3667952,23.63908852
1,-5,0.01,158.3372439,120.3668111,23.63810404
1,-5,0.011,136.1195288,120.3672982,23.63724181
1,-5,0.012,122.7405602,120.3680754,23.63662387
1,-5,0.013,101.6554149,120.369029,23.63633963
3,-2,0,283.7388501,120.3788315,23.69960989
3,-2,0.001,285.2107303,120.3778653,23.69986755
3,-2,0.002,290.0975959,120.3769175,23.70018439
3,-2,0.003,291.8404277,120.3759837,23.70054196
3,-2,0.004,293.713145,120.375059,23.70092263
3,-2,0.005,296.9732258,120.3741617,23.70136366
3,-2,0.006,298.8821124,120.3732574,23.70178573
3,-2,0.007,302.8051101,120.3724056,23.70230951
3,-2,0.008,306.7691738,120.3715808,23.70287441
3,-2,0.009,310.2828812,120.3707988,23.70349698
3,-2,0.01,319.6231913,120.3700606,23.70416896
3,-2,0.011,316.3126047,120.3693925,23.70491241
3,-2,0.012,324.7839392,120.3687765,23.70569875
3,-2,0.013,330.5285288,120.3682475,23.70654679
3,-2,0.014,333.4445833,120.3677868,23.70743406
3,-2,0.015,346.7525949,120.3674193,23.70836028
3,-2,0.016,343.2222869,120.3671356,23.70931865
3,-2,0.017,343.7422044,120.3668682,23.71028207
3,-2,0.018,359.2717902,120.3667406,23.71126857
3,-2,0.019,355.1238732,120.3666338,23.71226264
3,-2,0.02,358.3889158,120.3665688,23.71326034
3,-2,0.021,1.621959194,120.3665622,23.71426009
3,-2,0.022,6.286209721,120.366634,23.71525704
3,-2,0.023,13.0684687,120.3668216,23.71623853
3,-2,0.024,28.47256705,120.3671731,23.71717339
3,-2,0.025,44.24304004,120.3677709,23.71797067
3,-2,0.026,62.63911956,120.368573,23.71855914
3,-2,0.027,81.65358019,120.3695307,23.71882582
3,-2,0.028,95.04902662,120.3705278,23.71881372
3,-2,0.029,110.3240239,120.3714877,23.71854569
3,-2,0.03,119.8570476,120.3723798,23.71809661
3,-2,0.031,122.3013353,120.3731534,23.71746658
3,-2,0.032,127.6637587,120.3739725,23.71689476
3,-2,0.033,125.0549756,120.3748115,23.71635294
3,-2,0.034,121.2665948,120.3756781,23.71585563
3,-2,0.035,118.9946223,120.3765427,23.71535355
3,-2,0.036,114.8046755,120.3774398,23.71491213
3,-2,0.037,110.6476466,120.3783687,23.71454241
3,-2,0.038,107.2847295,120.3793185,23.71423032
3,-2,0.039,105.1216718,120.3802809,23.71395888
3,-2,0.04,98.72979651,120.3812569,23.71374505
3,-2,0.041,98.61450764,120.3822438,23.71358437
3,-2,0.042,99.30459977,120.3832304,23.71342117
3,-2,0.043,99.87853837,120.3842164,23.71325456
3,-2,0.044,105.3881056,120.3851977,23.71307149
3,-2,0.045,99.59277174,120.3861724,23.71285104
3,-2,0.046,127.7544542,120.387069,23.71244584
3,-2,0.047,123.3535494,120.3879337,23.71195236
3,-2,0.048,127.6435463,120.3887554,23.71138263
3,-2,0.049,140.2998707,120.3894698,23.71068617
3,-2,0.05,152.4547705,120.3900338,23.70986346
3,-2,0.051,162.0946509,120.3904356,23.70894961
3,-2,0.052,170.5142714,120.3906671,23.70797828
3,-2,0.053,179.2719784,120.3907372,23.70698222
3,-2,0.054,179.0358977,120.3907255,23.70598276
3,-2,0.055,194.7770368,120.3905546,23.70499823
3,-2,0.056,203.5823631,120.3902513,23.7040467
3,-2,0.057,213.2275782,120.389795,23.70315846
3,-2,0.058,225.8567686,120.3892005,23.70235695
3,-2,0.059,230.3023183,120.3884599,23.70168592
3,-2,0.06,237.1608622,120.3876466,23.70110519
3,-2,0.061,243.4303017,120.3867728,23.70062029
3,-2,0.062,249.1509294,120.3858952,23.70014247
3,-2,0.063,253.797099,120.3849508,23.69981505
3,-2,0.064,255.2882588,120.383987,23.69954867
3,-2,0.065,266.5037382,120.3830014,23.6994019
3,-2,0.066,269.2435269,120.3820088,23.69928382
3,-2,0.067,275.2098437,120.3810093,23.69926233
3,-2,0.068,279.4583118,120.3800155,23.69937232
3,-2,0.069,283.9250518,120.3790335,23.69955979
4,-3,0,56.80656799,120.347407,23.75726916
4,-3,0.001,35.90341467,120.3481591,23.75790968
4,-3,0.002,3.406383072,120.3485173,23.75882117
4,-3,0.003,334.2435489,120.3483368,23.7597904
4,-3,0.004,315.6524475,120.3477881,23.76062115
4,-3,0.005,307.5762039,120.3470533,23.76129534
4,-3,0.006,288.3361167,120.3461889,23.76177988
4,-3,0.007,257.1732052,120.3452093,23.76183259
4,-3,0.008,235.6968508,120.3442999,23.76143699
4,-3,0.009,212.5278402,120.3435935,23.76074043
4,-3,0.01,186.671331,120.3432348,23.75981964
4,-3,0.011,161.2634313,120.3433216,23.75883669
4,-3,0.012,136.2269393,120.3438353,23.75799186
4,-3,0.013,117.4194332,120.3446252,23.75738978
4,-3,0.014,98.4351978,120.3455648,23.75706469
4,-3,0.015,80.45143265,120.3465589,23.75703027
2,-3,0,271.9599699,120.3745923,23.60978718
2,-3,0.001,267.0667836,120.3735933,23.60977783
2,-3,0.002,267.0352547,120.3725946,23.60972664
2,-3,0.003,266.8031265,120.371596,23.60967377
2,-3,0.004,265.7506015,120.3705976,23.60967118
2,-3,0.005,265.7292196,120.3696016,23.60958332
2,-3,0.006,265.7183474,120.3686035,23.60952285
2,-3,0.007,263.4764463,120.3676274,23.60933334
2,-3,0.008,260.2438926,120.3666345,23.60921649
2,-3,0.009,259.0849401,120.3656502,23.6090401
2,-3,0.01,259.4939824,120.3646659,23.60886422
2,-3,0.011,256.4585068,120.3636795,23.60870567
2,-3,0.012,255.0634982,120.3627099,23.60846109
2,-3,0.013,254.6609316,120.3617444,23.60820057
2,-3,0.014,248.0421823,120.3607926,23.6078962
2,-3,0.015,250.3274952,120.3598416,23.60758717
2,-3,0.016,246.1598197,120.3588844,23.60730562
2,-3,0.017,249.1715204,120.3579664,23.60690941
2,-3,0.018,253.2190717,120.3570166,23.60659735
2,-3,0.019,265.8398814,120.3560291,23.60645565
2,-3,0.02,286.3221374,120.3550493,23.60661923
2,-3,0.021,309.1570604,120.3542278,23.60718357
2,-3,0.022,339.6473752,120.3535872,23.60793785
2,-3,0.023,0.067647751,120.3533831,23.60890791
2,-3,0.024,11.65749953,120.3534845,23.60989991
2,-3,0.025,19.24896196,120.3537667,23.61085813
2,-3,0.026,23.31802738,120.3541259,23.61179098
2,-3,0.027,24.01098693,120.3545164,23.61271157
2,-3,0.028,21.57538628,120.3549269,23.61362266
2,-3,0.029,20.12034098,120.3552952,23.61455207
2,-3,0.03,20.64170778,120.3556317,23.61549364
2,-3,0.031,13.95946205,120.355903,23.61645585
2,-3,0.032,11.15986599,120.3561169,23.61743232
2,-3,0.033,12.34771874,120.3563161,23.61841226
2,-3,0.034,9.793409286,120.3565146,23.6193922
2,-3,0.035,8.8857971,120.3566443,23.62038314
2,-3,0.036,5.050320928,120.3569654,23.62130524
2,-3,0.037,1.607420135,120.3570302,23.62230262
2,-3,0.038,4.397863174,120.3571587,23.62329327
2,-3,0.039,4.703496399,120.3572457,23.62428942
2,-3,0.04,348.4135728,120.3572276,23.62528303
2,-3,0.041,309.0499399,120.356647,23.6260606
2,-3,0.042,308.1327208,120.3558629,23.62668093
2,-3,0.043,309.3156424,120.3550901,23.62731546
2,-3,0.044,313.0448366,120.3543383,23.62797405
2,-3,0.045,315.6821222,120.3536204,23.62867009
2,-3,0.046,317.2946886,120.352927,23.62939061
2,-3,0.047,318.9736174,120.3522593,23.63013502
2,-3,0.048,320.4823529,120.351612,23.63089716
2,-3,0.049,321.3644404,120.3509839,23.63167529
2,-3,0.05,323.1720532,120.3503864,23.63247713
2,-3,0.051,324.5659523,120.349795,23.6332834
2,-3,0.052,325.7052897,120.3492148,23.63409782
2,-3,0.053,327.9562419,120.3486697,23.63493601
2,-3,0.054,329.2833015,120.3481529,23.63579209
2,-3,0.055,330.1206884,120.3476505,23.63665666
2,-3,0.056,329.6957762,120.3471499,23.63752233
2,-3,0.057,328.5334342,120.3466373,23.63838089
2,-3,0.058,325.9188978,120.3461012,23.63922482
2,-3,0.059,323.4268213,120.3455256,23.64004233
2,-3,0.06,320.0863635,120.3449102,23.64083034
2,-3,0.061,318.6662646,120.3442596,23.64158969
2,-3,0.062,316.8963811,120.3435835,23.64232638
2,-3,0.063,315.7605095,120.3428867,23.64304361
2,-3,0.064,314.483272,120.3421785,23.64374955
2,-3,0.065,314.3782348,120.3414596,23.64444453
2,-3,0.066,314.1771326,120.3407427,23.64514174
2,-3,0.067,316.8616745,120.3400322,23.64584511
2,-3,0.068,314.5149939,120.3393358,23.64656255
2,-3,0.069,312.5353511,120.3386233,23.64726397
2,-3,0.07,313.1666794,120.337894,23.64794811
2,-3,0.071,316.0860127,120.3371881,23.64865631
2,-3,0.072,315.0792074,120.3364634,23.64934524
2,-3,0.073,311.8125043,120.3357333,23.65002795
2,-3,0.074,310.8603821,120.3349789,23.65068424
2,-3,0.075,312.1348449,120.3342348,23.65135206
2,-3,0.076,312.7952506,120.3334662,23.6519671
2,-3,0.077,311.4589203,120.3327069,23.65260387
2,-3,0.078,313.3138714,120.331987,23.65329529
2,-3,0.079,306.70806,120.3312286,23.65394621
2,-3,0.08,302.3991991,120.3304076,23.65451587
2,-3,0.081,306.7761493,120.3295913,23.65509213
2,-3,0.082,304.1207953,120.328791,23.65569127
2,-3,0.083,301.9386745,120.3279523,23.65623521
2,-3,0.084,308.2936862,120.3271578,23.65684099
2,-3,0.085,309.2855899,120.3263737,23.65746159
2,-3,0.086,307.5527857,120.3255995,23.65809417
2,-3,0.087,318.711196,120.3248396,23.65874295
2,-3,0.088,307.8133034,120.3241709,23.65947906
2,-3,0.089,311.2760288,120.3234136,23.66013058
2,-3,0.09,315.3773736,120.322684,23.66081384
2,-3,0.091,307.6957336,120.3219187,23.66145505
2,-3,0.092,306.8326114,120.3211337,23.66207432
2,-3,0.093,305.3326187,120.3203247,23.66266202
2,-3,0.094,301.9423114,120.3194843,23.66320339
2,-3,0.095,298.2391504,120.3186158,23.66369902
2,-3,0.096,293.6381814,120.3177229,23.66414897
2,-3,0.097,291.3686478,120.3168,23.66453372
2,-3,0.098,287.7746111,120.3158563,23.66486408
2,-3,0.099,284.9852787,120.3148982,23.66514988
2,-3,0.1,282.9355208,120.3139285,23.66539409
2,-3,0.101,282.3407126,120.3129528,23.66561302
2,-3,0.102,281.5944889,120.311972,23.66580737
2,-3,0.103,282.6932685,120.3109936,23.66601373
2,-3,0.104,282.5604596,120.31002,23.66624179
2,-3,0.105,291.8189803,120.3090567,23.66650621
2,-3,0.106,296.6866237,120.3081312,23.66688458
2,-3,0.107,297.1960826,120.3072334,23.66732461
2,-3,0.108,306.7997223,120.3063968,23.66787044
2,-3,0.109,315.4234783,120.3056392,23.66852111
2,-3,0.11,325.0635629,120.3050051,23.66929242
2,-3,0.111,334.7452659,120.3045039,23.67015576
2,-3,0.112,343.3885497,120.3041495,23.67108927
2,-3,0.113,350.5014013,120.3039327,23.67206445
2,-3,0.114,358.0346724,120.3038546,23.67306043
2,-3,0.115,6.530785066,120.3038978,23.67405896
2,-3,0.116,11.5944311,120.3040434,23.67504784
2,-3,0.117,15.3699742,120.3042801,23.67601907
2,-3,0.118,18.91086922,120.3045636,23.67697769
2,-3,0.119,24.05125813,120.3049249,23.67790949
2,-3,0.12,23.52084221,120.3053126,23.67883113
2,-3,0.121,25.56052584,120.3057344,23.67973774
2,-3,0.122,26.16058226,120.3061688,23.68063848
2,-3,0.123,26.47338268,120.3066114,23.68153519
2,-3,0.124,26.59518445,120.3070581,23.68242988
2,-3,0.125,26.46323956,120.3075019,23.68332601
2,-3,0.126,28.24331812,120.3079572,23.68421622
2,-3,0.127,27.97971102,120.3084205,23.68510241
2,-3,0.128,27.9242733,120.3088922,23.68598414
2,-3,0.129,32.14327087,120.3094095,23.68683926
2,-3,0.13,33.85172438,120.3099466,23.68768271
2,-3,0.131,37.02079443,120.3105394,23.68848756
2,-3,0.132,38.75071087,120.3111504,23.68927906
2,-3,0.133,41.91102685,120.3117987,23.69004021
2,-3,0.134,46.41590091,120.3124857,23.69076668
2,-3,0.135,49.07185445,120.3132219,23.69144305
2,-3,0.136,53.80848719,120.3140014,23.69206891
2,-3,0.137,56.45368565,120.3148233,23.69263822
2,-3,0.138,60.92910396,120.3156841,23.69314667
2,-3,0.139,66.40589166,120.316583,23.69358366
2,-3,0.14,73.16132569,120.31752,23.6939307
2,-3,0.141,79.47346042,120.3184886,23.69417583
2,-3,0.142,84.58020081,120.3194779,23.69431848
2,-3,0.143,88.23972219,120.3204755,23.69438396
2,-3,0.144,89.68555201,120.3214753,23.6944011
2,-3,0.145,89.09309678,120.3224752,23.69440628
2,-3,0.146,87.04987707,120.3234746,23.69443844
2,-3,0.147,83.43161572,120.3244709,23.69452217
2,-3,0.148,79.5373826,120.3254587,23.69467587
2,-3,0.149,74.49725731,120.3264328,23.69490037
2,-3,0.15,70.21414455,120.3273868,23.69519898
2,-3,0.151,68.79260555,120.3283234,23.69554904
2,-3,0.152,67.42464519,120.3292521,23.69591979
2,-3,0.153,67.37991132,120.3301777,23.69629816
2,-3,0.154,69.58482089,120.3311061,23.69666944
2,-3,0.155,70.39542637,120.3320407,23.69702504
2,-3,0.156,69.77689075,120.3329804,23.69736701
2,-3,0.157,67.77084983,120.3339137,23.69772573
2,-3,0.158,62.09308833,120.3348184,23.69815066
2,-3,0.159,51.4310326,120.335656,23.69869322
2,-3,0.16,42.09963657,120.336374,23.69938501
2,-3,0.161,20.85982497,120.3368459,23.7002592
2,-3,0.162,339.6687193,120.3368992,23.70124553
2,-3,0.163,323.0361003,120.3364139,23.70210886
2,-3,0.164,298.5449558,120.3356156,23.70270353
2,-3,0.165,286.5577637,120.3346955,23.70308917
2,-3,0.166,279.7480859,120.3337228,23.70331751
2,-3,0.167,276.0914857,120.3327323,23.70345302
2,-3,0.168,274.7624444,120.3317365,23.70354382
2,-3,0.169,275.5672574,120.3307404,23.7036325
2,-3,0.17,277.1400758,120.3297467,23.70374343
2,-3,0.171,278.6684234,120.3287564,23.70388224
2,-3,0.172,279.3668207,120.32777,23.70404644
2,-3,0.173,279.7573041,120.326784,23.70421322
2,-3,0.174,279.4890303,120.3257987,23.70438391
2,-3,0.175,279.8572072,120.3248117,23.70454448
2,-3,0.176,278.2129412,120.323825,23.70470659
2,-3,0.177,279.4264492,120.3228378,23.70486599
2,-3,0.178,280.2441251,120.3218526,23.70503704
2,-3,0.179,281.6995968,120.3208712,23.70522893
2,-3,0.18,283.7280101,120.3198958,23.70544885
2,-3,0.181,286.804165,120.3189342,23.70572266
2,-3,0.182,288.3021841,120.3179838,23.70603353
2,-3,0.183,293.5769076,120.3170514,23.70639369
2,-3,0.184,297.5013687,120.3161464,23.70681838
2,-3,0.185,301.2231293,120.315269,23.70729796
2,-3,0.186,303.5036084,120.3144248,23.7078336
2,-3,0.187,307.860707,120.3136145,23.70841927
2,-3,0.188,311.9238844,120.3128183,23.709024
2,-3,0.189,313.7344997,120.3120857,23.70970461
2,-3,0.19,316.7852423,120.3113882,23.71042096
2,-3,0.191,322.2377939,120.3107344,23.71117719
2,-3,0.192,324.9083364,120.3101288,23.71197291
2,-3,0.193,326.7841336,120.3095669,23.7128
2,-3,0.194,330.2879659,120.3090543,23.71365839
2,-3,0.195,333.5700453,120.3085914,23.71454462
2,-3,0.196,338.5132845,120.3081953,23.71546234
2,-3,0.197,341.9031735,120.3079562,23.71642872
2,-3,0.198,347.7113116,120.3076866,23.71739151
2,-3,0.199,349.1821163,120.3074783,23.71836954
2,-3,0.2,350.737264,120.3073059,23.71935448
2,-3,0.201,350.0972956,120.3071448,23.72034139
2,-3,0.202,344.8467368,120.3069262,23.72131659
2,-3,0.203,346.1292006,120.3066784,23.72228486
2,-3,0.204,73.88408763,120.3069425,23.7231675
2,-3,0.205,90.38736574,120.3079166,23.72334514
2,-3,0.206,83.36557534,120.3089159,23.72336378
2,-3,0.207,68.18291535,120.3098923,23.72356384
2,-3,0.208,61.48760953,120.3107928,23.72399487
2,-3,0.209,45.28550692,120.3115808,23.72460819
2,-3,0.21,41.12671837,120.3122762,23.72532631
2,-3,0.211,37.8338547,120.3129087,23.72610065
2,-3,0.212,36.48352986,120.3135129,23.72689742
2,-3,0.213,37.10792699,120.3141139,23.72769664
2,-3,0.214,39.36770196,120.3147292,23.72848487
2,-3,0.215,41.44908372,120.3153728,23.72925008
2,-3,0.216,43.18253101,120.3160471,23.72998842
2,-3,0.217,47.27298653,120.3167584,23.73069109
2,-3,0.218,49.4196131,120.317506,23.73135502
2,-3,0.219,53.27622588,120.3182622,23.7320081
2,-3,0.22,55.67401241,120.3190777,23.73258661
2,-3,0.221,59.85944431,120.3199311,23.73310742
2,-3,0.222,64.05978069,120.3207965,23.73360667
2,-3,0.223,68.26113649,120.3217091,23.73401458
2,-3,0.224,72.33478784,120.3226475,23.73435951
2,-3,0.225,74.09068349,120.323607,23.7346406
2,-3,0.226,80.80189996,120.324581,23.73486305
2,-3,0.227,85.20241721,120.3255656,23.73503359
2,-3,0.228,94.83935197,120.3265633,23.73507679
2,-3,0.229,93.3434717,120.3275616,23.7350265
2,-3,0.23,97.29197724,120.3285576,23.73493968
2,-3,0.231,101.1104624,120.3295452,23.73478463
2,-3,0.232,107.0428307,120.3305188,23.7345592
2,-3,0.233,109.7929464,120.3314785,23.73428017
2,-3,0.234,111.3900664,120.3324255,23.73395987
2,-3,0.235,110.3260521,120.3333623,23.73361087
2,-3,0.236,114.992309,120.3342945,23.73324916
2,-3,0.237,115.6986994,120.3351973,23.73281932
2,-3,0.238,117.5761728,120.3360879,23.73236462
2,-3,0.239,119.2913217,120.3369687,23.7318912
2,-3,0.24,120.3452574,120.3378362,23.73139393
2,-3,0.241,121.5845012,120.3386933,23.73087876
2,-3,0.242,122.3417719,120.3395383,23.73034416
2,-3,0.243,121.5843453,120.3403874,23.72981589
2,-3,0.244,116.8869344,120.3412371,23.72928931
2,-3,0.245,112.6047527,120.3421451,23.72887215
2,-3,0.246,106.6848378,120.343094,23.72855776
2,-3,0.247,104.2358781,120.3440592,23.72829655
2,-3,0.248,104.141229,120.3450255,23.72803954
2,-3,0.249,104.2428253,120.3459949,23.72779392
2,-3,0.25,105.2740813,120.3469618,23.72753886
2,-3,0.251,104.0830311,120.3479285,23.72728324
2,-3,0.252,104.4702822,120.3488985,23.7270401
2,-3,0.253,103.1293687,120.3498663,23.7267893
2,-3,0.254,102.979865,120.3508407,23.72656432
2,-3,0.255,99.99820039,120.3518211,23.72636836
2,-3,0.256,96.34571453,120.3528117,23.72623301
2,-3,0.257,89.93991672,120.3538108,23.72621244
2,-3,0.258,83.33051912,120.3548079,23.72627179
2,-3,0.259,76.58631633,120.3557888,23.72646295
2,-3,0.26,72.33546668,120.3567573,23.72670762
2,-3,0.261,63.81836281,120.3576815,23.72708746
2,-3,0.262,59.82779281,120.3585566,23.72757087
2,-3,0.263,51.54538664,120.3593949,23.72811436
2,-3,0.264,49.38693058,120.3601668,23.72874975
2,-3,0.265,41.36822021,120.3608752,23.7294544
2,-3,0.266,39.40757196,120.3615282,23.73021149
2,-3,0.267,32.82418155,120.3620945,23.7310351
2,-3,0.268,29.24980782,120.3625967,23.73189959
2,-3,0.269,25.05294305,120.3630448,23.7327932
2,-3,0.27,22.15985373,120.3634413,23.73371104
2,-3,0.271,24.78443403,120.3638218,23.73463524
2,-3,0.272,17.98220442,120.364034,23.73560151
2,-3,0.273,15.47519948,120.3643183,23.7365601
2,-3,0.274,328.3719965,120.3641641,23.73746199
2,-3,0.275,8.775680464,120.3642895,23.73845057
2,-3,0.276,9.88411067,120.3644725,23.73943328
2,-3,0.277,6.903783787,120.3645725,23.74042661
2,-3,0.278,0.235519993,120.3646454,23.74142273
2,-3,0.279,15.13587686,120.3647899,23.74240669
2,-3,0.28,0.543443957,120.3648218,23.74340512
2,-3,0.281,346.7669674,120.3647901,23.74440095
2,-3,0.282,2.328190693,120.3647303,23.7453926
2,-3,0.283,359.4448722,120.3647673,23.7463913
2,-3,0.284,0.060881171,120.3647639,23.74739129
2,-3,0.285,1.877660672,120.3647783,23.74839115
2,-3,0.286,3.802592542,120.364824,23.74939004
2,-3,0.287,6.266503616,120.364911,23.75038612
2,-3,0.288,9.18694949,120.3650514,23.75137606
2,-3,0.289,12.63606138,120.3652511,23.75235572
2,-3,0.29,18.38828557,120.3655176,23.75331933
2,-3,0.291,22.16393152,120.3658551,23.75426037
2,-3,0.292,26.0485345,120.3662538,23.75517722
2,-3,0.293,31.26067134,120.3667201,23.75606139
2,-3,0.294,35.85078734,120.3672573,23.75690459
2,-3,0.295,41.35228651,120.3678772,23.75768789
2,-3,0.296,46.05149613,120.3685591,23.75841893
2,-3,0.297,49.8450988,120.3693021,23.75908745
2,-3,0.298,56.0804722,120.3701017,23.75968741
2,-3,0.299,62.66381198,120.3709513,23.76021374
2,-3,0.3,66.61798199,120.3718516,23.76064793
2,-3,0.301,70.7534648,120.3727838,23.76100906
2,-3,0.302,74.89793746,120.3737414,23.76129622
2,-3,0.303,78.17685577,120.3747152,23.76152274
2,-3,0.304,82.81832506,120.3756983,23.76170145
2,-3,0.305,86.68115822,120.3766946,23.76178473
2,-3,0.306,90.41251389,120.3776942,23.76180001
2,-3,0.307,88.050698,120.3786936,23.76179389
2,-3,0.308,97.40239527,120.3796877,23.76169437
2,-3,0.309,101.0541474,120.3806727,23.76152274
2,-3,0.31,111.5680196,120.3816013,23.7611563
2,-3,0.311,109.5321989,120.3825475,23.76083338
2,-3,0.312,113.6620855,120.3834762,23.76046339
2,-3,0.313,117.4864492,120.3843791,23.76003412
2,-3,0.314,121.217112,120.3852409,23.75952831
2,-3,0.315,123.1279249,120.3860878,23.75899679
2,-3,0.316,124.554842,120.3869117,23.75843009
2,-3,0.317,129.4061148,120.3877076,23.75782524
2,-3,0.318,130.8738435,120.3884737,23.75718266
2,-3,0.319,134.7772648,120.3892194,23.75651645
2,-3,0.32,133.9108776,120.3899335,23.75581651
2,-3,0.321,135.1225696,120.3906392,23.75510807
2,-3,0.322,135.6191237,120.3913412,23.75439597
2,-3,0.323,135.8762283,120.3920421,23.75368269
2,-3,0.324,137.047871,120.3927228,23.75295021
2,-3,0.325,127.7530606,120.3934385,23.75225712
2,-3,0.326,142.2115552,120.3941274,23.75153964
2,-3,0.327,147.2981088,120.3947069,23.75072573
2,-3,0.328,148.7461804,120.3952466,23.74988417
2,-3,0.329,151.4266218,120.395741,23.74901512
2,-3,0.33,157.3512013,120.3961878,23.74812193
2,-3,0.331,149.9611679,120.3966696,23.74724684
2,-3,0.332,147.2783959,120.3971981,23.74639818
2,-3,0.333,142.7471931,120.3977682,23.7455771
2,-3,0.334,138.8379224,120.3983794,23.74478579
2,-3,0.335,139.7247516,120.3990296,23.74402664
2,-3,0.336,134.5788743,120.3997207,23.74330451
2,-3,0.337,132.9044343,120.4004444,23.7426146
2,-3,0.338,130.4460991,120.4011948,23.74195369
2,-3,0.339,130.2390599,120.4019645,23.74131562
2,-3,0.34,111.7551067,120.4028418,23.74084873
2,-3,0.341,111.951463,120.4037756,23.74049138
2,-3,0.342,116.8689721,120.4046823,23.74007078
2,-3,0.343,121.5362714,120.4055555,23.73958446
2,-3,0.344,127.8039773,120.4064081,23.73906317
2,-3,0.345,145.4129669,120.4071624,23.73842025
2,-3,0.346,150.7099241,120.4076538,23.73755443
2,-3,0.347,134.7909689,120.4082831,23.73678852
2,-3,0.348,106.7382258,120.4091571,23.73632683
2,-3,0.349,82.30453253,120.4101395,23.73630716
2,-3,0.35,92.07013049,120.4111265,23.73642058
2,-3,0.351,107.9290227,120.4120978,23.73619966
2,-3,0.352,94.72826399,120.4130781,23.7360193
2,-3,0.353,79.5017377,120.4140707,23.73610248
2,-3,0.354,82.34477312,120.4150542,23.73627996
2,-3,0.355,99.36625166,120.416048,23.73623723
2,-3,0.356,120.4704229,120.416965,23.73585857
2,-3,0.357,147.3084645,120.4176952,23.73518808
2,-3,0.358,176.4020219,120.4180219,23.73426094
2,-3,0.359,215.6049748,120.4177026,23.73334413
2,-3,0.36,250.6947971,120.4168794,23.73280751
2,-3,0.361,272.6717571,120.4158955,23.73268987
2,-3,0.362,286.8919549,120.4149179,23.73288181
2,-3,0.363,293.8052499,120.4139736,23.73320888
2,-3,0.364,281.0891606,120.4130259,23.73351876
2,-3,0.365,270.9635331,120.4120334,23.73362297
2,-3,0.366,266.7579565,120.4110343,23.73359448
2,-3,0.367,261.835036,120.4100393,23.73349914
2,-3,0.368,253.3816351,120.4090641,23.73328405
2,-3,0.369,249.249631,120.4081184,23.73296053
2,-3,0.37,249.828421,120.4071846,23.7326028
2,-3,0.371,254.7887143,120.4062355,23.73228924
2,-3,0.372,260.6155632,120.4052621,23.73206243
2,-3,0.373,266.9434461,120.40427,23.73194342
2,-3,0.374,272.2986448,120.4032706,23.73193174
2,-3,0.375,269.4619908,120.4022715,23.73196892
2,-3,0.376,214.5487642,120.4013948,23.7316022
2,-3,0.377,198.7624614,120.4009511,23.73071267
2,-3,0.378,196.1192457,120.4006479,23.72975989
2,-3,0.379,193.5051026,120.4003876,23.72879449
2,-3,0.38,191.1969417,120.4001715,23.72781826
2,-3,0.381,186.1745393,120.4000266,23.72682919
2,-3,0.382,175.4448247,120.4000416,23.72583203
2,-3,0.383,167.2531986,120.4001731,23.72484193
2,-3,0.384,158.051842,120.400461,23.72388599
2,-3,0.385,152.2689473,120.4008932,23.72298505
2,-3,0.386,146.4802149,120.4014166,23.72213407
2,-3,0.387,128.0180375,120.4021834,23.72151012
2,-3,0.388,124.8132758,120.4029883,23.72091695
2,-3,0.389,121.0083764,120.4038224,23.72036593
2,-3,0.39,120.5605773,120.4046803,23.7198521
2,-3,0.391,118.6369211,120.4055535,23.71936501
2,-3,0.392,119.9680101,120.406425,23.71887471
2,-3,0.393,121.272373,120.4072954,23.71838326
2,-3,0.394,126.8990035,120.4081175,23.71781465
2,-3,0.395,134.4982204,120.4088687,23.71715612
2,-3,0.396,143.5454973,120.4095417,23.71641763
2,-3,0.397,149.0763592,120.4101002,23.71558941
2,-3,0.398,160.7032833,120.4104939,23.71467225
2,-3,0.399,180.9743782,120.4106702,23.7136908
2,-3,0.4,201.6878076,120.41053,23.712708
2,-3,0.401,215.6013554,120.410083,23.71181689
2,-3,0.402,220.4983277,120.4094682,23.71103009
2,-3,0.403,232.2897156,120.4087221,23.71036677
2,-3,0.404,238.004051,120.4079066,23.70978997
2,-3,0.405,235.3282409,120.40707,23.70924275
2,-3,0.406,226.726886,120.4064241,23.708484
2,-3,0.407,224.1737098,120.4057071,23.70778977
2,-3,0.408,227.8293532,120.4049861,23.7070994
2,-3,0.409,218.7879566,120.4042994,23.70637431
2,-3,0.41,216.3089907,120.4036915,23.70558064
2,-3,0.411,214.0465143,120.403126,23.70475592
2,-3,0.412,215.7597934,120.402558,23.70393299
2,-3,0.413,216.4081532,120.401983,23.70311499
2,-3,0.414,215.0068618,120.4013928,23.70230785
2,-3,0.415,213.5458153,120.4008248,23.70148495
2,-3,0.416,217.0991946,120.400242,23.70067277
2,-3,0.417,206.6411591,120.3997486,23.69980456
2,-3,0.418,199.9102527,120.3993611,23.6988837
2,-3,0.419,192.1182725,120.3990265,23.69794787
2,-3,0.42,181.984174,120.3989058,23.69695593
2,-3,0.421,177.1326993,120.3989003,23.69595635
2,-3,0.422,173.7865383,120.3989774,23.69495956
2,-3,0.423,171.6138754,120.3991068,23.69396806
2,-3,0.424,175.9849753,120.3992283,23.69297636
2,-3,0.425,157.0644441,120.3994988,23.69202143
2,-3,0.426,172.0528742,120.3996554,23.691034
2,-3,0.427,174.4975847,120.39978,23.69004191
2,-3,0.428,175.0885178,120.3998765,23.68904659
2,-3,0.429,177.0407124,120.3999681,23.68805136
2,-3,0.43,182.3431505,120.3999757,23.68705158
2,-3,0.431,185.9232243,120.3999083,23.68605416
2,-3,0.432,190.5800688,120.3997685,23.68506444
2,-3,0.433,195.5516026,120.3995856,23.68408293
2,-3,0.434,201.2769358,120.3992583,23.68313866
2,-3,0.435,207.5967928,120.398843,23.68222999
2,-3,0.436,214.5641167,120.3983281,23.68137387
2,-3,0.437,221.6196177,120.3977172,23.68058349
2,-3,0.438,226.5598158,120.3970177,23.67987005
2,-3,0.439,198.0003653,120.3963573,23.6791536
2,-3,0.44,186.2065417,120.3962646,23.67816202
2,-3,0.441,198.1312653,120.3960324,23.6771921
2,-3,0.442,208.9153812,120.3956035,23.6762906
2,-3,0.443,220.1554434,120.3950166,23.67548323
2,-3,0.444,231.2340574,120.3943102,23.67477753
2,-3,0.445,236.0949506,120.393508,23.67418179
2,-3,0.446,243.8067407,120.3926357,23.67369463
2,-3,0.447,250.2167968,120.3917148,23.67330674
2,-3,0.448,255.4001334,120.3907583,23.67301733
2,-3,0.449,260.1539726,120.3897821,23.67280225
2,-3,0.45,258.0029069,120.3887959,23.67263919
2,-3,0.451,239.8420533,120.3879072,23.67220796
2,-3,0.452,238.8685359,120.3870507,23.67169193
2,-3,0.453,238.3891969,120.3861947,23.67117489
2,-3,0.454,237.4552119,120.3853458,23.67064652
2,-3,0.455,235.9586658,120.3845084,23.67009988
2,-3,0.456,235.3988788,120.3836827,23.66953584
2,-3,0.457,233.3254251,120.3828747,23.6689468
2,-3,0.458,231.1035879,120.3820857,23.66833252
2,-3,0.459,229.9032288,120.3813137,23.66769694
2,-3,0.46,227.6604642,120.3805612,23.66703844
2,-3,0.461,226.1906931,120.3798307,23.66635562
2,-3,0.462,223.5179411,120.3791255,23.66564678
2,-3,0.463,222.0312643,120.3784457,23.66491349
2,-3,0.464,220.8559923,120.377788,23.66416022
2,-3,0.465,221.2960571,120.37714,23.66339859
2,-3,0.466,229.4533692,120.376432,23.6626959
2,-3,0.467,226.4238413,120.3757131,23.66200159
2,-3,0.468,224.5004351,120.3750032,23.66129768
2,-3,0.469,206.5047727,120.3744395,23.66047821
2,-3,0.47,190.0501634,120.3741526,23.65952555
2,-3,0.471,175.6814966,120.3741334,23.65852964
2,-3,0.472,154.2762541,120.3743601,23.65755924
2,-3,0.473,140.3290998,120.3748463,23.65668786
2,-3,0.474,132.7354416,120.3755265,23.65595762
2,-3,0.475,121.2121924,120.3763178,23.65534832
2,-3,0.476,117.1871494,120.3771773,23.65483772
2,-3,0.477,114.7032213,120.3780709,23.65438925
2,-3,0.478,115.1456103,120.378976,23.65396401
2,-3,0.479,119.1407645,120.3798693,23.65351511
2,-3,0.48,121.4702713,120.3807359,23.65301641
2,-3,0.481,120.943874,120.3815933,23.6525018
2,-3,0.482,119.9627277,120.3824548,23.65199409
2,-3,0.483,119.4217043,120.3833237,23.6514991
2,-3,0.484,118.5447087,120.3841985,23.65101472
2,-3,0.485,117.9215602,120.3850802,23.65054291
2,-3,0.486,117.4613742,120.3859656,23.65007809
2,-3,0.487,117.0519817,120.386861,23.64963305
2,-3,0.488,116.0062458,120.387753,23.64918113
2,-3,0.489,115.360158,120.3886532,23.64874566
2,-3,0.49,114.5729754,120.3895591,23.64832223
2,-3,0.491,113.1631529,120.3904771,23.64792559
2,-3,0.492,111.562771,120.3914039,23.64755012
2,-3,0.493,109.7570094,120.3923417,23.64720326
2,-3,0.494,107.1190938,120.3932902,23.64688669
2,-3,0.495,105.3311424,120.3942487,23.6466019
2,-3,0.496,101.397953,120.3952195,23.64636315
2,-3,0.497,99.1710521,120.3962031,23.64618331
2,-3,0.498,97.03259711,120.3971939,23.64604892
2,-3,0.499,94.95047352,120.3981885,23.64594652
2,-3,0.5,92.01490944,120.3991867,23.6458896
2,-3,0.501,88.98646505,120.4001862,23.64586943
2,-3,0.502,86.36208738,120.4011852,23.64591278
2,-3,0.503,86.4255859,120.4021825,23.6459855
2,-3,0.504,107.2462299,120.4031671,23.6458827
2,-3,0.505,118.0734521,120.4040865,23.64549286
2,-3,0.506,118.8935382,120.4049732,23.64503066
2,-3,0.507,118.9019196,120.4058504,23.64455056
2,-3,0.508,119.6035257,120.4067257,23.64406705
2,-3,0.509,119.1475957,120.4076052,23.64359118
2,-3,0.51,119.9392406,120.4084755,23.64309884
2,-3,0.511,115.93657,120.4093345,23.64258793
2,-3,0.512,120.2449589,120.410214,23.64211358
2,-3,0.513,120.3056749,120.4110785,23.641611
2,-3,0.514,115.6057897,120.4119524,23.64112632
2,-3,0.515,120.1750586,120.4128234,23.6406363
2,-3,0.516,121.3566529,120.4136813,23.6401226
2,-3,0.517,121.7774963,120.414536,23.63960351
2,-3,0.518,121.9164227,120.4153855,23.63907594
2,-3,0.519,121.0637979,120.4162353,23.63854885
2,-3,0.52,121.8381458,120.417087,23.6380249
2,-3,0.521,120.7885822,120.4179391,23.63750185
2,-3,0.522,141.1041085,120.4187533,23.63692935
2,-3,0.523,193.0001214,120.4189998,23.63603821
2,-3,0.524,195.1483169,120.4187588,23.63506778
2,-3,0.525,198.881077,120.4184724,23.63410997
2,-3,0.526,198.8623753,120.4181532,23.63316228
2,-3,0.527,201.5380346,120.4178011,23.63222647
2,-3,0.528,202.5570537,120.4174289,23.63129837
2,-3,0.529,204.3868518,120.417031,23.63038101
2,-3,0.53,206.3261567,120.4166025,23.62947755
2,-3,0.531,206.6902855,120.4161438,23.62858901
2,-3,0.532,210.1229096,120.4156808,23.62770314
2,-3,0.533,227.8000456,120.4151043,23.62689439
2,-3,0.534,217.0252897,120.4144507,23.62614429
2,-3,0.535,219.2940729,120.413834,23.62535736
2,-3,0.536,219.9763263,120.4131849,23.62459676
2,-3,0.537,265.3758944,120.379776,23.61014474
2,-3,0.538,265.9738179,120.3787784,23.61007518
2,-3,0.539,266.4685437,120.3777806,23.61000933
2,-3,0.54,266.6366241,120.3767824,23.60995021
2,-3,0.541,265.4399738,120.3757874,23.60985401
1,-2,0,125.3805443,120.351863,23.59330717
1,-2,0.001,97.85954715,120.3527944,23.59302241
1,-2,0.002,98.30445656,120.3537846,23.59288254
1,-2,0.003,98.86308511,120.3547735,23.59273403
1,-2,0.004,99.42728993,120.3557608,23.59257564
1,-2,0.005,99.86831392,120.3567468,23.59240886
1,-2,0.006,100.4509346,120.3577312,23.5922329
1,-2,0.007,100.8694432,120.3587138,23.59204735
1,-2,0.008,101.5891437,120.3597027,23.59191086
1,-2,0.009,102.1547742,120.3606814,23.59170549
1,-2,0.01,102.5373328,120.3616585,23.59149254
1,-2,0.011,117.8016035,120.3626156,23.59122262
1,-2,0.012,104.0351511,120.3635517,23.59089497
1,-2,0.013,103.1595695,120.3645232,23.59065818
1,-2,0.014,98.2484025,120.3654984,23.59043845
1,-2,0.015,104.0164887,120.3664761,23.59023394
1,-2,0.016,104.4227862,120.3674456,23.58998921
1,-2,0.017,104.5614404,120.368414,23.58973964
1,-2,0.018,104.8895636,120.3693814,23.58948651
1,-2,0.019,104.65103,120.3703249,23.58916013
1,-2,0.02,102.6316003,120.3712926,23.58890811
1,-2,0.021,104.7602398,120.3722638,23.58867074
1,-2,0.022,107.8259353,120.373223,23.58838927
1,-2,0.023,104.3067189,120.3741918,23.58814141
1,-2,0.024,104.1685277,120.3751611,23.58789575
1,-2,0.025,103.811767,120.3761318,23.58765522
1,-2,0.026,103.0445114,120.3771054,23.58742684
1,-2,0.027,102.5136582,120.378081,23.58720733
1,-2,0.028,101.7805969,120.3790592,23.58699968
1,-2,0.029,101.0091634,120.3800394,23.58680191
1,-2,0.03,101.4861708,120.3810184,23.58659813
1,-2,0.031,98.95591417,120.3820051,23.58643611
1,-2,0.032,97.91984486,120.3829946,23.5862918
1,-2,0.033,97.03137557,120.3839865,23.58616467
1,-2,0.034,96.08419237,120.3849804,23.58605427
1,-2,0.035,95.40556334,120.3859753,23.58595336
1,-2,0.036,94.02990234,120.3869721,23.58587386
1,-2,0.037,93.36062057,120.3879699,23.58580733
1,-2,0.038,92.81363709,120.3889683,23.58575154
1,-2,0.039,92.2871722,120.3899672,23.58570527
1,-2,0.04,91.67587885,120.3909666,23.58566867
1,-2,0.041,90.83187971,120.3919663,23.58564439
1,-2,0.042,89.67054226,120.3929662,23.5856373
1,-2,0.043,87.96041058,120.393966,23.58565405
1,-2,0.044,85.90567411,120.3949646,23.58570647
1,-2,0.045,83.33996377,120.39596,23.58579985
1,-2,0.046,80.5388407,120.3969504,23.58593767
1,-2,0.047,77.3710621,120.3979319,23.58612786
1,-2,0.048,75.15646344,120.3989027,23.58636724
1,-2,0.049,76.14030733,120.3998675,23.5866299
1,-2,0.05,81.85566201,120.4008478,23.58682431
1,-2,0.051,83.31089278,120.4018399,23.58694949
1,-2,0.052,82.76951709,120.4028327,23.58706952
1,-2,0.053,83.57249762,120.4038247,23.58719561
1,-2,0.054,81.48362175,120.4048154,23.58733077
1,-2,0.055,80.84372701,120.4058035,23.58748436
1,-2,0.056,80.33965624,120.40679,23.58764797
1,-2,0.057,79.94983554,120.4077752,23.58781934
1,-2,0.058,79.65140846,120.4087594,23.58799669
1,-2,0.059,79.43972385,120.4097427,23.58817833
1,-2,0.06,79.8586799,120.4107256,23.58836255
1,-2,0.061,78.92722528,120.4117078,23.58855037
1,-2,0.062,71.07171991,120.4126792,23.58877976
1,-2,0.063,78.23845048,120.4136504,23.5890122
1,-2,0.064,78.0564022,120.4146291,23.58921747
1,-2,0.065,78.02640138,120.4156074,23.58942464
1,-2,0.066,77.80419219,120.416581,23.58965185
1,-2,0.067,82.06856165,120.4175618,23.58984452
1,-2,0.068,78.0300786,120.4185429,23.59003559
1,-2,0.069,77.90456095,120.4195206,23.5902454
1,-2,0.07,77.93720085,120.4204985,23.5904547
1,-2,0.071,77.86676581,120.4214762,23.59066468
1,-2,0.072,81.84104647,120.422457,23.5908573
1,-2,0.073,76.27925645,120.423436,23.59105778
1,-2,0.074,78.29334705,120.4244133,23.59126948
1,-2,0.075,77.86298246,120.4253959,23.59145327
1,-2,0.076,77.92936418,120.4263737,23.59166283
1,-2,0.077,77.99496776,120.4273516,23.59187157
1,-2,0.078,77.87954406,120.4283293,23.59208164
1,-2,0.079,77.90015579,120.4293071,23.59229134
1,-2,0.08,77.81771451,120.4302847,23.59250192
1,-2,0.081,77.82001426,120.4312621,23.59271291
1,-2,0.082,77.72943653,120.4322395,23.59292471
1,-2,0.083,77.70767851,120.4332166,23.59313742
1,-2,0.084,77.61911036,120.4341963,23.59333726
1,-2,0.085,77.68007219,120.4351788,23.59352093
1,-2,0.086,77.49973099,120.4361557,23.59373449
1,-2,0.087,77.50925905,120.4371321,23.59395065
1,-2,0.088,77.46754811,120.4381083,23.59416745
1,-2,0.089,28.63108196,120.4387415,23.59486116
1,-2,0.09,75.59849057,120.4396055,23.59524705
1,-2,0.091,106.0090026,120.440572,23.5953537
1,-2,0.092,75.89751556,120.4415399,23.59547291
1,-2,0.093,75.69897083,120.4425093,23.59571841
1,-2,0.094,75.60608604,120.4434781,23.59596623
1,-2,0.095,75.10503999,120.4444451,23.59622099
1,-2,0.096,76.42083155,120.445421,23.59643653
1,-2,0.097,74.8566113,120.4463875,23.59669283
1,-2,0.098,158.5165243,120.4469229,23.59611288
1,-2,0.099,77.2411729,120.4474438,23.59549979
1,-2,0.1,77.04041316,120.4484187,23.59572262
1,-2,0.101,76.89812938,120.4493929,23.59594822
1,-2,0.102,25.39861577,120.4502214,23.59635218
1,-2,0.103,58.21486713,120.4507789,23.59713679
1,-2,0.104,76.74867848,120.4517053,23.59748428
1,-2,0.105,75.09841749,120.4526744,23.59773068
1,-2,0.106,74.88157163,120.4536404,23.59798944
1,-2,0.107,74.76125074,120.4546055,23.59825114
1,-2,0.108,74.50816225,120.4555697,23.59851635
1,-2,0.109,74.29121176,120.4565332,23.5987842
1,-2,0.11,74.15567717,120.4574956,23.59905567
1,-2,0.111,62.07986824,120.458415,23.59943492
1,-2,0.112,73.14526542,120.4593723,23.59972339
1,-2,0.113,73.05316404,120.4603291,23.60001423
1,-2,0.114,72.82394934,120.4612849,23.60030827
1,-2,0.115,72.53873621,120.4622398,23.60060524
1,-2,0.116,72.45554901,120.4631935,23.60090595
1,-2,0.117,72.23751171,120.4641463,23.6012095
1,-2,0.118,71.99481561,120.4650983,23.6015158
1,-2,0.119,71.90285287,120.466049,23.60182569
1,-2,0.12,71.70258313,120.4669989,23.6021382
1,-2,0.121,71.48477139,120.467948,23.60245328
1,-2,0.122,71.38897715,120.468896,23.60277153
4,-2,0,243.6808584,120.1824879,23.30772039
4,-2,0.001,265.8536725,120.1815094,23.30754375
4,-2,0.002,271.4044245,120.1805097,23.30754769
4,-2,0.003,273.6523343,120.1795111,23.30760091
4,-2,0.004,277.039526,120.1785154,23.30769228
4,-2,0.005,279.4463449,120.1775243,23.30782522
4,-2,0.006,282.3370146,120.1765402,23.30800234
4,-2,0.007,285.7416368,120.175567,23.30823171
4,-2,0.008,289.6823291,120.1746097,23.30852017
4,-2,0.009,292.1976271,120.1736756,23.30887648
4,-2,0.01,297.6182528,120.1727757,23.30931182
4,-2,0.011,304.0698623,120.1719208,23.30982926
4,-2,0.012,312.1708269,120.171125,23.3104336
4,-2,0.013,316.6920294,120.1704068,23.31112833
4,-2,0.014,322.8959424,120.1697678,23.31189665
4,-2,0.015,329.6233632,120.1692208,23.31273314
4,-2,0.016,337.1852989,120.1687737,23.313627
4,-2,0.017,345.1758297,120.1684405,23.3145688
4,-2,0.018,354.2669388,120.1682547,23.31554969
4,-2,0.019,4.330402502,120.1682508,23.3165476
4,-2,0.02,14.90238666,120.1684431,23.31752692
4,-2,0.021,23.94611109,120.1688144,23.31845429
4,-2,0.022,30.87082952,120.1693056,23.3193248
4,-2,0.023,34.54488723,120.1698578,23.32015833
4,-2,0.024,45.86784779,120.1704861,23.32093274
4,-2,0.025,56.54040833,120.1712788,23.32153922
4,-2,0.026,61.47574435,120.1721243,23.32207241
4,-2,0.027,63.21503629,120.1730063,23.32254318
4,-2,0.028,65.74879023,120.1739096,23.3229719
4,-2,0.029,66.35566601,120.1748219,23.32338141
4,-2,0.03,66.02109152,120.1757352,23.32378844
4,-2,0.031,65.31471023,120.1766452,23.32420305
4,-2,0.032,65.03976422,120.1775512,23.32462599
4,-2,0.033,65.31558438,120.1784562,23.32505109
4,-2,0.034,63.85656772,120.1793618,23.32547498
4,-2,0.035,65.68981106,120.1802777,23.32587614
4,-2,0.036,67.5506317,120.1812056,23.32624821
4,-2,0.037,72.83398343,120.1821491,23.32657814
4,-2,0.038,79.17127695,120.1831199,23.32681459
4,-2,0.039,92.52485334,120.1841154,23.32686489
4,-2,0.04,108.1273817,120.1850956,23.32668692
4,-2,0.041,125.1545353,120.1859789,23.32622794
4,-2,0.042,134.5000073,120.1867476,23.32559062
4,-2,0.043,142.9016462,120.1874275,23.32485935
4,-2,0.044,146.8045041,120.188002,23.32404157
4,-2,0.045,151.5620323,120.1884918,23.32316998
4,-2,0.046,156.8948854,120.1889052,23.32225979
4,-2,0.047,163.7457993,120.1892227,23.32131211
4,-2,0.048,171.3614225,120.1894403,23.32033647
4,-2,0.049,176.616234,120.1895559,23.31934369
4,-2,0.05,181.7699874,120.1895196,23.3183467
4,-2,0.051,183.9122701,120.1894583,23.31734871
4,-2,0.052,191.9374659,120.1892863,23.31636452
4,-2,0.053,199.1277597,120.1890186,23.31540134
4,-2,0.054,203.5462688,120.1886676,23.3144653
4,-2,0.055,208.6066336,120.188244,23.31355978
4,-2,0.056,212.9584912,120.1877482,23.31269156
4,-2,0.057,215.412504,120.1871865,23.31186452
4,-2,0.058,219.8625743,120.1865703,23.31107736
4,-2,0.059,224.5556145,120.1858981,23.31033746
4,-2,0.06,227.2328809,120.1851815,23.30964022
4,-2,0.061,230.8304457,120.1844237,23.30898797
4,-2,0.062,235.1444941,120.1836249,23.30838699
4,-2,0.063,243.6560301,120.1827749,23.30786246
11,-1,0,281.3286931,120.1931835,23.33937979
11,-1,0.001,293.539977,120.1922355,23.33968948
11,-1,0.002,305.931696,120.1913701,23.3401854
11,-1,0.003,319.4280426,120.1906334,23.34085774
11,-1,0.004,335.12599,120.1900635,23.341676
11,-1,0.005,347.7216719,120.1897023,23.34260553
11,-1,0.006,0.685849936,120.1895761,23.34359435
11,-1,0.007,12.99114562,120.1896873,23.34458498
11,-1,0.008,22.73866403,120.1900026,23.34553203
11,-1,0.009,33.52422239,120.1905016,23.34639696
11,-1,0.01,48.0737185,120.1911594,23.3471474
11,-1,0.011,53.24239595,120.1919347,23.34777738
11,-1,0.012,63.76290483,120.1928015,23.34827343
11,-1,0.013,72.79932923,120.193734,23.34863056
11,-1,0.014,84.53408129,120.1947147,23.34881271
11,-1,0.015,96.4143789,120.1957118,23.34878802
11,-1,0.016,111.0011668,120.1966754,23.34853587
11,-1,0.017,127.4024501,120.1975403,23.3480429
11,-1,0.018,142.3735543,120.1982346,23.3473287
11,-1,0.019,156.6366022,120.1987337,23.34646561
11,-1,0.02,167.1097646,120.1990414,23.34551631
11,-1,0.021,178.4077744,120.1991612,23.34452616
11,-1,0.022,185.9365882,120.1991124,23.34352851
11,-1,0.023,197.7780115,120.1988942,23.34255388
11,-1,0.024,212.043221,120.1985039,23.34163732
11,-1,0.025,219.501147,120.1979184,23.34082901
11,-1,0.026,235.1472482,120.1971721,23.34016766
11,-1,0.027,248.0507335,120.1963052,23.33967507
11,-1,0.028,259.8139768,120.1953556,23.3393681
11,-1,0.029,270.6574762,120.1943637,23.33925742
11,-1,0.03,281.8916221,120.1933693,23.33934067
13,-1,0,297.1137059,120.1712579,23.40382706
13,-1,0.001,318.0130101,120.1704551,23.40441232
13,-1,0.002,321.3252285,120.1698068,23.40517318
13,-1,0.003,327.9471072,120.1692531,23.40600547
13,-1,0.004,336.157853,120.168799,23.40689487
13,-1,0.005,339.4447393,120.1684316,23.40782478
13,-1,0.006,341.2308527,120.1681018,23.40876879
13,-1,0.007,337.0405548,120.1677878,23.40971805
13,-1,0.008,340.0554875,120.1674367,23.41065366
13,-1,0.009,335.4328907,120.1670703,23.41158375
13,-1,0.01,330.2739941,120.1666169,23.41247437
13,-1,0.011,319.889988,120.1660675,23.41330813
13,-1,0.012,319.4378692,120.1654183,23.41406862
13,-1,0.013,313.9789084,120.1647294,23.41479278
13,-1,0.014,317.4760303,120.1640234,23.41550045
13,-1,0.015,315.1252863,120.1633211,23.41621213
13,-1,0.016,320.5763423,120.1626439,23.41694755
13,-1,0.017,322.8564683,120.1620192,23.41772823
13,-1,0.018,327.7048614,120.1614584,23.41855572
13,-1,0.019,329.1940153,120.1609343,23.41940735
13,-1,0.02,329.2240322,120.1604254,23.42026815
13,-1,0.021,327.2418145,120.1599018,23.42112002
13,-1,0.022,324.4869116,120.1593459,23.42195114
13,-1,0.023,321.9153273,120.1587539,23.42275697
13,-1,0.024,321.2425362,120.158133,23.42354075
13,-1,0.025,319.6852006,120.1574907,23.42430719
13,-1,0.026,319.363159,120.156844,23.42506992
13,-1,0.027,322.071448,120.1562084,23.42584188
13,-1,0.028,324.9644647,120.1556112,23.42664372
13,-1,0.029,329.9871164,120.1550731,23.42748599
13,-1,0.03,338.2904146,120.1546373,23.42838443
13,-1,0.031,346.3133161,120.1543409,23.42933816
13,-1,0.032,354.6707003,120.1541943,23.43032608
13,-1,0.033,10.83851341,120.1542466,23.4313228
13,-1,0.034,22.53903428,120.1544973,23.43228839
13,-1,0.035,31.88027134,120.1549424,23.43318203
13,-1,0.036,34.97721436,120.155493,23.43401636
13,-1,0.037,36.29873406,120.1560792,23.43482643
13,-1,0.038,35.56406307,120.1566694,23.43563341
13,-1,0.039,37.23920423,120.1572656,23.43643594
13,-1,0.04,36.1744823,120.1578623,23.43723806
13,-1,0.041,37.0893342,120.158458,23.43804124
13,-1,0.042,36.40844217,120.159054,23.43884389
13,-1,0.043,39.22145726,120.1596616,23.43963782
13,-1,0.044,38.80898164,120.1602866,23.44041805
13,-1,0.045,40.22328397,120.1609236,23.44118879
13,-1,0.046,43.76385247,120.1615702,23.44195096
13,-1,0.047,42.0950479,120.1622355,23.44269646
13,-1,0.048,40.71776469,120.1629014,23.44344183
13,-1,0.049,27.38938908,120.1634676,23.4442607
13,-1,0.05,3.332983731,120.1637272,23.44521109
13,-1,0.051,347.2081161,120.1635729,23.4461955
13,-1,0.052,343.6988843,120.1633867,23.44717468
13,-1,0.053,344.7739219,120.1631099,23.44813558
13,-1,0.054,347.9835486,120.1628631,23.44910445
13,-1,0.055,351.8919241,120.1626851,23.45008815
13,-1,0.056,355.9460976,120.162582,23.45108248
13,-1,0.057,2.014005883,120.1625798,23.45208182
13,-1,0.058,26.49266286,120.1627444,23.45306098
13,-1,0.059,54.91645206,120.1633989,23.45377754
13,-1,0.06,83.48937351,120.1643651,23.45400211
13,-1,0.061,87.71700544,120.1653634,23.45405638
13,-1,0.062,88.86899125,120.1663631,23.45408049
13,-1,0.063,89.2291029,120.167363,23.45409978
13,-1,0.064,92.13580662,120.1683629,23.4541066
13,-1,0.065,93.88465728,120.1693622,23.4540718
13,-1,0.066,102.0596927,120.1703562,23.45396896
13,-1,0.067,114.9065663,120.1713207,23.45371223
13,-1,0.068,126.9669026,120.1721729,23.45319929
13,-1,0.069,156.7686997,120.1727576,23.45240201
13,-1,0.07,176.1641141,120.1729859,23.45143638
13,-1,0.071,188.2871396,120.1729244,23.45044112
13,-1,0.072,197.8952049,120.1726892,23.44947045
13,-1,0.073,201.4527091,120.1723395,23.44853375
13,-1,0.074,207.6028856,120.1718944,23.44763906
13,-1,0.075,214.8077922,120.1713486,23.44680283
13,-1,0.076,229.666377,120.1706702,23.44607117
13,-1,0.077,248.5449589,120.1698484,23.44550889
13,-1,0.078,251.9454602,120.1689082,23.44516959
13,-1,0.079,246.5041449,120.1679732,23.44481583
13,-1,0.08,216.4029612,120.1671761,23.44423962
13,-1,0.081,164.1438982,120.1670021,23.44331262
13,-1,0.082,131.5088412,120.1675309,23.44248637
13,-1,0.083,114.0240322,120.1683675,23.44195914
13,-1,0.084,89.32490868,120.1693553,23.44185544
13,-1,0.085,80.59327813,120.1703446,23.44199845
13,-1,0.086,95.28263413,120.17134,23.44208357
13,-1,0.087,111.9240238,120.1723241,23.44192072
13,-1,0.088,102.7540075,120.1732763,23.4416251
13,-1,0.089,108.5635538,120.1742246,23.44130866
13,-1,0.09,108.1818972,120.1751737,23.44099374
13,-1,0.091,105.6510866,120.1761496,23.44078987
13,-1,0.092,102.6874171,120.1771195,23.44054739
13,-1,0.093,97.951156,120.1781057,23.44038376
13,-1,0.094,93.6783039,120.1791014,23.44029365
13,-1,0.095,89.62493053,120.180101,23.44027777
13,-1,0.096,86.15082199,120.1810996,23.44032739
13,-1,0.097,83.3386429,120.1820942,23.44043033
13,-1,0.098,81.5697737,120.1830845,23.44056906
13,-1,0.099,80.09368105,120.1840671,23.44075428
13,-1,0.1,79.47677424,120.1850495,23.44094088
13,-1,0.101,80.19746726,120.1860331,23.44112121
13,-1,0.102,82.17348255,120.1870197,23.44128401
13,-1,0.103,86.04820204,120.1880126,23.44140149
13,-1,0.104,91.3196849,120.1890112,23.44145055
13,-1,0.105,98.15173568,120.1900083,23.44138533
13,-1,0.106,111.5205721,120.1909808,23.44116463
13,-1,0.107,116.1898909,120.1918923,23.44075558
13,-1,0.108,128.2862877,120.1927107,23.44018314
13,-1,0.109,135.9423838,120.1934582,23.43951997
13,-1,0.11,139.8437068,120.1941338,23.43878358
13,-1,0.111,133.3760756,120.1948154,23.4380532
13,-1,0.112,134.9949703,120.1955493,23.43737533
13,-1,0.113,151.5635887,120.1961002,23.43654446
13,-1,0.114,170.2621844,120.1963675,23.4355863
13,-1,0.115,193.1396595,120.1963131,23.4345916
13,-1,0.116,206.6257045,120.1960021,23.43364449
13,-1,0.117,217.1288205,120.1954965,23.43278363
13,-1,0.118,225.4982325,120.1948507,23.43202149
13,-1,0.119,232.6413135,120.1940933,23.43136979
13,-1,0.12,240.2954332,120.1932596,23.43081941
13,-1,0.121,246.9371046,120.1923711,23.43036188
13,-1,0.122,253.3736159,120.1914401,23.42999806
13,-1,0.123,257.9026312,120.190479,23.42972207
13,-1,0.124,261.4368614,120.1894984,23.42952718
13,-1,0.125,265.4585616,120.1885067,23.42939996
13,-1,0.126,268.5492655,120.1875088,23.42933755
13,-1,0.127,271.0230162,120.186509,23.42932686
13,-1,0.128,273.0709167,120.1855095,23.42935652
13,-1,0.129,273.6491738,120.1845111,23.42941344
13,-1,0.13,284.0361831,120.1835166,23.42949546
13,-1,0.131,272.1337588,120.1825283,23.4296151
13,-1,0.132,269.6784779,120.1815287,23.42963781
13,-1,0.133,265.816328,120.1805296,23.42960387
13,-1,0.134,260.5650694,120.1795364,23.4294919
13,-1,0.135,253.6713389,120.1785608,23.42927604
13,-1,0.136,246.7606183,120.1776331,23.42890798
13,-1,0.137,241.4791519,120.1767314,23.42847675
13,-1,0.138,235.8090673,120.1758801,23.42795439
13,-1,0.139,228.3403717,120.175127,23.4272972
13,-1,0.14,222.0460202,120.1744276,23.42658434
13,-1,0.141,218.7502225,120.1737684,23.42583265
13,-1,0.142,212.6065272,120.1731696,23.42503238
13,-1,0.143,209.5006562,120.1726544,23.42417571
13,-1,0.144,202.9528933,120.1722337,23.42326911
13,-1,0.145,195.7305892,120.1719047,23.42232515
13,-1,0.146,189.3716273,120.1716677,23.42135429
13,-1,0.147,183.0496553,120.1715483,23.42036221
13,-1,0.148,174.4146291,120.1715614,23.41936389
13,-1,0.149,168.2755773,120.1717313,23.41837914
13,-1,0.15,156.37999,120.1720505,23.41743361
13,-1,0.151,140.8408619,120.1725913,23.41659606
13,-1,0.152,126.7939746,120.173319,23.41591443
13,-1,0.153,115.3883534,120.1741746,23.41540142
13,-1,0.154,112.3967656,120.175094,23.41500945
13,-1,0.155,127.3772681,120.176004,23.4146039
13,-1,0.156,147.5795952,120.1766766,23.41388364
13,-1,0.157,157.349904,120.1771144,23.41298674
13,-1,0.158,161.0198935,120.1774782,23.41205555
13,-1,0.159,162.9180286,120.1777823,23.41110296
13,-1,0.16,170.1783673,120.178004,23.41012896
13,-1,0.161,174.2444155,120.1781476,23.40913964
13,-1,0.162,179.5847475,120.178207,23.40814199
13,-1,0.163,187.5146928,120.17814,23.40714555
13,-1,0.164,201.8303565,120.177883,23.4061821
13,-1,0.165,220.3705204,120.1773475,23.40534221
13,-1,0.166,235.1346765,120.1766022,23.40468109
13,-1,0.167,246.9386934,120.1757197,23.4042157
13,-1,0.168,253.788662,120.1747782,23.40388126
13,-1,0.169,257.6789386,120.173814,23.40361806
13,-1,0.17,269.4322922,120.172825,23.40348964
13,-1,0.171,284.8282799,120.1718367,23.4036092
14,-1,0,311.9332039,120.2237885,23.41493241
14,-1,0.001,335.2432817,120.2231655,23.41569198
14,-1,0.002,8.697184326,120.2231048,23.41666994
14,-1,0.003,45.22983975,120.2236077,23.41751053
14,-1,0.004,83.05067542,120.2244734,23.41796835
14,-1,0.005,111.9764063,120.2254547,23.41788357
14,-1,0.006,139.1102323,120.2262878,23.41735092
14,-1,0.007,168.9678864,120.2267133,23.41646464
14,-1,0.008,206.5132642,120.2265227,23.41551068
14,-1,0.009,251.1575321,120.2257893,23.41485655
14,-1,0.01,276.2854176,120.2248188,23.41464475
14,-1,0.011,291.0986587,120.2238568,23.4148855
17,-1,0,93.31414337,120.1464276,23.47270661
17,-1,0.001,97.0241862,120.1474251,23.47264933
17,-1,0.002,107.8628312,120.1484049,23.472465
17,-1,0.003,110.4636054,120.1493706,23.47222147
17,-1,0.004,100.8636553,120.1503426,23.47200034
17,-1,0.005,103.1631714,120.151321,23.47179437
17,-1,0.006,107.9110916,120.1522863,23.471535
17,-1,0.007,131.2447156,120.1530896,23.47096957
17,-1,0.008,129.406077,120.1538492,23.47031944
17,-1,0.009,129.00606,120.1546278,23.46969191
17,-1,0.01,127.9375079,120.1554132,23.46907298
17,-1,0.011,129.5088992,120.1561911,23.46844458
17,-1,0.012,130.5261217,120.1569569,23.46780159
17,-1,0.013,133.0664383,120.157699,23.46713143
17,-1,0.014,136.8546611,120.1584109,23.46642942
17,-1,0.015,139.1806695,120.1590775,23.4656841
17,-1,0.016,143.692703,120.1596945,23.46489756
17,-1,0.017,148.7855993,120.1602491,23.46406595
17,-1,0.018,153.377535,120.1607357,23.46319281
17,-1,0.019,159.2761213,120.1611351,23.46227683
17,-1,0.02,163.7962756,120.1614584,23.46133122
17,-1,0.021,169.5302909,120.1616802,23.46035679
17,-1,0.022,174.5900203,120.1618005,23.45936449
17,-1,0.023,179.06464,120.1618531,23.45836595
17,-1,0.024,177.0279475,120.1618353,23.45736729
17,-1,0.025,198.1492148,120.1616977,23.45638665
17,-1,0.026,239.5493026,120.1611288,23.45560726
17,-1,0.027,272.5226335,120.1601594,23.45545527
17,-1,0.028,283.357626,120.1591749,23.45561875
17,-1,0.029,289.0151738,120.1582166,23.45590173
17,-1,0.03,293.9384417,120.1572916,23.45627957
17,-1,0.031,300.4639628,120.1564051,23.4567394
17,-1,0.032,310.574721,120.155561,23.45727332
17,-1,0.033,313.9050269,120.1547954,23.45791197
17,-1,0.034,322.3114153,120.1540551,23.45857177
17,-1,0.035,219.2725477,120.1532422,23.45872852
17,-1,0.036,229.9435299,120.1525545,23.45800915
17,-1,0.037,228.6781054,120.1518171,23.4573384
17,-1,0.038,241.8204919,120.1509855,23.45678883
17,-1,0.039,252.1771109,120.1500727,23.45638531
17,-1,0.04,262.6387099,120.1491038,23.45614516
17,-1,0.041,270.1099818,120.148112,23.45602771
17,-1,0.042,277.6371289,120.1471147,23.4560857
17,-1,0.043,285.2619828,120.1461336,23.45627354
17,-1,0.044,313.8956104,120.1452124,23.45662775
17,-1,0.045,297.3514132,120.1444152,23.45721425
17,-1,0.046,269.2942686,120.1435106,23.45755482
17,-1,0.047,309.36112,120.1426777,23.45805418
17,-1,0.048,325.9734135,120.1423921,23.45887629
18,-1,0,302.5398607,120.2998059,23.55796058
18,-1,0.001,320.7250951,120.2990419,23.55859317
18,-1,0.002,347.9594826,120.2986127,23.5594832
18,-1,0.003,16.78183053,120.2986639,23.56046444
18,-1,0.004,47.00267696,120.2991842,23.56129882
18,-1,0.005,74.16144362,120.3000291,23.56180927
18,-1,0.006,100.2999801,120.301012,23.56191125
18,-1,0.007,121.0854624,120.3019531,23.56159461
18,-1,0.008,145.3996704,120.3026686,23.56090911
18,-1,0.009,171.652625,120.3030354,23.55999331
18,-1,0.01,197.8518031,120.3029284,23.55901304
18,-1,0.011,222.4684069,120.3023754,23.55819157
18,-1,0.012,252.4119289,120.3014982,23.55773435
18,-1,0.013,277.7715138,120.300509,23.55771073
9,-1,0,86.18983293,120.1971844,23.29601776
9,-1,0.001,84.97524457,120.1981818,23.2960891
9,-1,0.002,83.78861916,120.1991775,23.29618182
9,-1,0.003,82.22351888,120.2001705,23.29629954
9,-1,0.004,80.51370849,120.2011599,23.29644426
9,-1,0.005,78.82863633,120.2021446,23.29661853
9,-1,0.006,77.0346824,120.2031235,23.29682259
9,-1,0.007,75.38308692,120.2040957,23.29705666
9,-1,0.008,73.6770901,120.2050606,23.29731908
9,-1,0.009,71.75976098,120.2060172,23.29761025
9,-1,0.01,70.49460831,120.206964,23.29793194
9,-1,0.011,69.03171962,120.2079021,23.29827803
9,-1,0.012,67.08640483,120.208828,23.29865569
9,-1,0.013,64.83305996,120.209737,23.29907236
9,-1,0.014,62.5245615,120.2106316,23.29951893
9,-1,0.015,59.98699404,120.2115085,23.29999937
9,-1,0.016,57.2649518,120.2123659,23.30051391
9,-1,0.017,55.60304725,120.2131986,23.30106737
9,-1,0.018,51.85928515,120.2140021,23.30166244
9,-1,0.019,47.42014399,120.2147771,23.30229419
9,-1,0.02,43.09622818,120.2154883,23.30299658
9,-1,0.021,38.99910133,120.2161401,23.30375436
9,-1,0.022,50.10887483,120.2167192,23.30456661
9,-1,0.023,22.36474162,120.2173196,23.3053441
9,-1,0.024,19.8041103,120.2176865,23.30627422
9,-1,0.025,16.5139492,120.2179957,23.30722498
9,-1,0.026,14.26598016,120.2182616,23.30818888
9,-1,0.027,13.95889823,120.2185021,23.30915951
9,-1,0.028,11.70725515,120.218713,23.31013695
9,-1,0.029,10.46596597,120.2189038,23.31111857
9,-1,0.03,10.10597987,120.2190815,23.31210265
9,-1,0.031,10.41683045,120.2192627,23.31308609
9,-1,0.032,10.17965068,120.219441,23.31407006
9,-1,0.033,10.27870001,120.2196188,23.31505412
9,-1,0.034,11.37249373,120.2198094,23.31603577
9,-1,0.035,14.76519963,120.220034,23.31701012
9,-1,0.036,18.73982266,120.2202928,23.31797569
9,-1,0.037,24.84875463,120.2206527,23.31890795
9,-1,0.038,29.73328722,120.2211032,23.3198003
9,-1,0.039,33.89455603,120.2216246,23.32065324
9,-1,0.04,35.83614397,120.2221937,23.32147536
9,-1,0.041,40.97293702,120.2228118,23.32226031
9,-1,0.042,35.67024469,120.2234079,23.32306255
9,-1,0.043,34.91925313,120.2239815,23.32388167
9,-1,0.044,31.47148103,120.2245336,23.32471523
9,-1,0.045,29.29169776,120.2250467,23.32557348
9,-1,0.046,26.58354334,120.2255255,23.32645131
9,-1,0.047,25.36293125,120.2259652,23.3273494
9,-1,0.048,20.62937598,120.2263557,23.32826991
9,-1,0.049,17.64946581,120.2266945,23.32921063
9,-1,0.05,14.92850318,120.22698,23.33016887
9,-1,0.051,11.19013081,120.2272162,23.33114033
9,-1,0.052,8.112812308,120.2273852,23.33212575
9,-1,0.053,4.752408429,120.2274942,23.33311956
9,-1,0.054,2.133728724,120.2275454,23.33411814
9,-1,0.055,356.968207,120.2275279,23.33511775
9,-1,0.056,353.6414688,120.2274493,23.33611443
9,-1,0.057,350.1659871,120.2273086,23.33710423
9,-1,0.058,347.2176568,120.2271085,23.33808383
9,-1,0.059,344.0498645,120.2268523,23.33905027
9,-1,0.06,340.8704733,120.2265488,23.34000304
9,-1,0.061,340.8335447,120.2262159,23.34094599
9,-1,0.062,342.3772611,120.2258949,23.34189303
9,-1,0.063,344.1371919,120.2256082,23.34285096
9,-1,0.064,342.4420906,120.2253249,23.34380993
9,-1,0.065,339.2535489,120.2249989,23.34475507
9,-1,0.066,335.3456093,120.2246102,23.34567614
9,-1,0.067,330.8737344,120.2241563,23.34656679
9,-1,0.068,326.3700904,120.2236364,23.34742062
9,-1,0.069,321.7572421,120.2230541,23.34823313
9,-1,0.07,318.9316287,120.2224138,23.34900088
9,-1,0.071,312.7292857,120.2217142,23.34971496
9,-1,0.072,309.6198289,120.2209645,23.35037638
9,-1,0.073,305.4046857,120.2201726,23.35098659
9,-1,0.074,303.7770222,120.2193482,23.3515525
9,-1,0.075,301.3800626,120.218503,23.35208671
9,-1,0.076,301.6036267,120.2176466,23.35260301
9,-1,0.077,302.4035533,120.2167974,23.35313107
9,-1,0.078,304.3659321,120.2159591,23.35367602
9,-1,0.079,306.968142,120.2151461,23.35425777
9,-1,0.08,311.648983,120.2143684,23.35488606
9,-1,0.081,314.9715843,120.2136367,23.35556706
9,-1,0.082,321.8707703,120.2129653,23.35630722
9,-1,0.083,325.5817691,120.2123903,23.3571241
9,-1,0.084,331.4770819,120.2118878,23.35798542
9,-1,0.085,343.7140433,120.2115105,23.35891061
9,-1,0.086,350.5975482,120.211261,23.35987813
9,-1,0.087,357.3387799,120.2111483,23.36087083
9,-1,0.088,2.126764275,120.2111405,23.36187031
9,-1,0.089,4.786719929,120.211208,23.3628679
9,-1,0.09,358.8113601,120.2111982,23.36386728
9,-1,0.091,1.830823485,120.211195,23.36486712
9,-1,0.092,4.838626827,120.2112515,23.36586533
9,-1,0.093,7.647767089,120.2113618,23.36685907
9,-1,0.094,9.447290489,120.2115262,23.36784533
9,-1,0.095,14.63936008,120.2117164,23.36882701
9,-1,0.096,16.14825477,120.2119709,23.36979405
9,-1,0.097,18.6751195,120.2122599,23.37075128
9,-1,0.098,17.57871305,120.2125849,23.37169688
9,-1,0.099,23.03627316,120.2129415,23.37263033
9,-1,0.1,25.29725439,120.2133525,23.37354183
9,-1,0.101,31.34100316,120.2138095,23.37443047
9,-1,0.102,30.30320872,120.2143161,23.37529263
9,-1,0.103,27.33281987,120.2148209,23.3761557
9,-1,0.104,31.45967255,120.2152917,23.37703782
9,-1,0.105,33.25533407,120.2158191,23.37788736
9,-1,0.106,35.25064299,120.216372,23.37872045
9,-1,0.107,32.18843257,120.2169596,23.37952777
9,-1,0.108,33.82695193,120.2174922,23.38037397
9,-1,0.109,33.66767889,120.2180681,23.38119116
9,-1,0.11,32.39649723,120.2185149,23.38207871
9,-1,0.111,30.24747244,120.2189465,23.38297591
9,-1,0.112,28.77690405,120.2194433,23.3838437
9,-1,0.113,28.62903458,120.2199142,23.38472585
9,-1,0.114,24.69925008,120.2203669,23.3856171
9,-1,0.115,22.66478786,120.2207753,23.38652984
9,-1,0.116,28.64322163,120.2211616,23.38745165
9,-1,0.117,20.42432129,120.2216329,23.38833304
9,-1,0.118,17.05455755,120.2219601,23.38927778
9,-1,0.119,19.10544479,120.2222672,23.39022936
9,-1,0.12,19.01451271,120.2225911,23.39117544
9,-1,0.121,21.95066445,120.2229326,23.39211513
9,-1,0.122,22.61459574,120.2233001,23.39304504
9,-1,0.123,24.24581823,120.2236962,23.39396322
9,-1,0.124,26.98829228,120.2241315,23.39486333
9,-1,0.125,29.90129205,120.2246106,23.39574093
9,-1,0.126,32.42037069,120.2251275,23.39659682
9,-1,0.127,34.55476066,120.2256765,23.39743252
9,-1,0.128,35.82163527,120.2262507,23.39825122
9,-1,0.129,36.92363539,120.2268467,23.39905421
9,-1,0.13,38.96394157,120.227456,23.39984706
9,-1,0.131,39.68561589,120.2280882,23.40062176
9,-1,0.132,41.31938413,120.2287403,23.40137968
9,-1,0.133,45.57305175,120.2294229,23.4021101
9,-1,0.134,47.49485666,120.2301477,23.40279848
9,-1,0.135,55.24860666,120.2309291,23.40342103
9,-1,0.136,64.02462499,120.2317692,23.40396254
9,-1,0.137,69.3833462,120.2326853,23.40436055
9,-1,0.138,80.52161874,120.2336644,23.40455964
9,-1,0.139,90.35437062,120.2346624,23.40459971
9,-1,0.14,98.70829552,120.2356551,23.4044846
9,-1,0.141,106.1517432,120.2366237,23.40423826
9,-1,0.142,110.9677549,120.2375653,23.40390235
9,-1,0.143,115.187541,120.2384785,23.40349528
9,-1,0.144,118.3589932,120.2393673,23.40303743
9,-1,0.145,120.7329305,120.2402401,23.40254948
9,-1,0.146,121.8669561,120.241097,23.40203408
9,-1,0.147,121.9838786,120.241947,23.40150732
9,-1,0.148,121.9797874,120.2427961,23.40097912
9,-1,0.149,120.7966605,120.2436499,23.40045854
9,-1,0.15,119.5049747,120.2445124,23.39995243
9,-1,0.151,118.8062235,120.2453855,23.39946498
9,-1,0.152,116.6546547,120.2462715,23.39900149
9,-1,0.153,124.171313,120.2471938,23.39867191
9,-1,0.154,111.5215628,120.2480903,23.3982387
9,-1,0.155,108.7515977,120.249029,23.39789474
9,-1,0.156,106.3157915,120.2499833,23.39759641
9,-1,0.157,102.6771806,120.2509538,23.39735777
9,-1,0.158,94.25380174,120.251931,23.39715017
9,-1,0.159,94.7591078,120.2529261,23.39705283
9,-1,0.16,91.58748236,120.2539241,23.3969928
9,-1,0.161,88.14067599,120.2549238,23.39699029
9,-1,0.162,85.24077706,120.2559222,23.39704386
9,-1,0.163,82.55086458,120.2569168,23.39714715
9,-1,0.164,79.47157268,120.2579069,23.39728502
9,-1,0.165,77.83824441,120.2588881,23.39747812
9,-1,0.166,75.26431596,120.2598609,23.39770932
9,-1,0.167,73.53790442,120.2608249,23.3979748
9,-1,0.168,70.35102293,120.2617673,23.39830745
9,-1,0.169,72.91081333,120.2627108,23.39863842
9,-1,0.17,68.00803537,120.2636662,23.39893217
9,-1,0.171,67.47759725,120.2645906,23.39931354
9,-1,0.172,65.44759782,120.2655049,23.39971824
9,-1,0.173,64.07001867,120.2664405,23.40005556
9,-1,0.174,62.22042989,120.2673305,23.40051141
9,-1,0.175,60.29078976,120.268206,23.40099436
9,-1,0.176,58.47122759,120.2690661,23.40150445
9,-1,0.177,56.97111745,120.2699083,23.40204351
9,-1,0.178,51.05861829,120.2707934,23.40240787
9,-1,0.179,52.16514897,120.2716257,23.40295703
9,-1,0.18,49.62742815,120.2723708,23.40358622
9,-1,0.181,48.01919677,120.2731235,23.40424453
9,-1,0.182,77.56436665,120.2738454,23.40492724
9,-1,0.183,331.1267329,120.2746722,23.40530827
9,-1,0.184,69.00601979,120.2748623,23.40607085
9,-1,0.185,54.49360469,120.2757348,23.40653417
9,-1,0.186,12.95219794,120.276292,23.40734053
9,-1,0.187,12.7810224,120.2765142,23.40831553
9,-1,0.188,45.99541781,120.2768377,23.40923975
9,-1,0.189,16.6499364,120.277153,23.41017363
9,-1,0.19,17.05253849,120.2778046,23.41087875
9,-1,0.191,47.94130057,120.2781845,23.41178737
9,-1,0.192,29.17427599,120.2786965,23.4126174
9,-1,0.193,31.41040008,120.279181,23.41349206
9,-1,0.194,3.02467451,120.2795866,23.41439498
9,-1,0.195,26.49803841,120.27932,23.41527942
9,-1,0.196,26.55556584,120.279581,23.41622148
9,-1,0.197,24.73997156,120.2800037,23.41712606
9,-1,0.198,25.62580446,120.2804345,23.41802843
9,-1,0.199,24.75958679,120.2810099,23.41883449
9,-1,0.2,25.13650931,120.2812534,23.41978399
9,-1,0.201,58.62525986,120.2818038,23.42057669
9,-1,0.202,24.0878004,120.2823355,23.42138138
9,-1,0.203,317.6675949,120.2819486,23.42221752
9,-1,0.204,322.9147784,120.28148,23.42307573
9,-1,0.205,356.9062268,120.2809606,23.42390945
9,-1,0.206,100.977501,120.2814995,23.42432983
9,-1,0.207,125.4007541,120.2823146,23.42375577
9,-1,0.208,45.2465048,120.283068,23.42322201
9,-1,0.209,129.6327362,120.2837706,23.42346979
9,-1,0.21,176.1628393,120.2839758,23.42254181
9,-1,0.211,45.63705621,120.284325,23.42301888
9,-1,0.212,19.82439537,120.2848365,23.42384897
9,-1,0.213,328.979514,120.2850521,23.42479308
9,-1,0.214,21.6560597,120.2850203,23.42570715
9,-1,0.215,22.5297807,120.2853948,23.42663438
9,-1,0.216,23.75570069,120.2857944,23.42755102
9,-1,0.217,21.70977831,120.2861449,23.42848634
9,-1,0.218,26.1885875,120.2865666,23.42939225
9,-1,0.219,27.83167092,120.2870255,23.4302806
9,-1,0.22,57.4425362,120.2875568,23.4311106
9,-1,0.221,21.80390093,120.2881957,23.43183209
9,-1,0.222,30.48480572,120.28865,23.43272037
9,-1,0.223,32.44113759,120.2891739,23.43357203
9,-1,0.224,34.26582361,120.2897234,23.43440751
9,-1,0.225,32.98719813,120.2904201,23.43510762
9,-1,0.226,37.65657704,120.291,23.43592162
9,-1,0.227,41.60436949,120.2916335,23.43669493
9,-1,0.228,40.768991,120.2922844,23.43745396
9,-1,0.229,49.02886701,120.2929949,23.43815241
9,-1,0.23,38.40647288,120.2936685,23.43888854
9,-1,0.231,43.97791742,120.2943337,23.43963371
9,-1,0.232,44.30932027,120.2950325,23.440349
9,-1,0.233,47.45453987,120.2957435,23.44105204
9,-1,0.234,48.79853296,120.2964869,23.44172071
9,-1,0.235,50.24270321,120.2972497,23.44236738
9,-1,0.236,52.46711372,120.2980334,23.44298845
9,-1,0.237,54.04332546,120.2988228,23.44360182
9,-1,0.238,55.12207331,120.2996408,23.444177
9,-1,0.239,47.87916483,120.3004575,23.44475136
9,-1,0.24,53.66826557,120.3012382,23.44537163
9,-1,0.241,58.33763849,120.302079,23.44591131
9,-1,0.242,58.74744216,120.3029354,23.44642759
9,-1,0.243,58.70484688,120.3037849,23.44695505
9,-1,0.244,51.70263971,120.3046135,23.44751317
9,-1,0.245,53.59146238,120.3054157,23.44810882
9,-1,0.246,52.30937781,120.306218,23.44870548
9,-1,0.247,47.76295786,120.3069897,23.44934075
9,-1,0.248,47.50196721,120.3077288,23.45001431
9,-1,0.249,40.89552811,120.3084223,23.45073417
9,-1,0.25,37.82135489,120.3090598,23.45150409
9,-1,0.251,34.38780143,120.3096434,23.45231572
9,-1,0.252,30.16073763,120.3101609,23.45317109
9,-1,0.253,23.6694713,120.3105931,23.45407215
9,-1,0.254,18.13293377,120.3109339,23.45501178
9,-1,0.255,11.93281191,120.3112143,23.45596956
9,-1,0.256,4.984473342,120.3113584,23.45695875
9,-1,0.257,359.7745546,120.3114101,23.4579569
9,-1,0.258,354.7876922,120.3113658,23.4589554
9,-1,0.259,348.8736302,120.3112131,23.45994298
9,-1,0.26,340.504021,120.3109267,23.46089991
9,-1,0.261,331.2597725,120.3104912,23.46179882
9,-1,0.262,321.0234776,120.3099106,23.46261126
9,-1,0.263,307.742806,120.3092092,23.46332187
9,-1,0.264,301.317321,120.3083923,23.46389618
9,-1,0.265,290.7823488,120.307493,23.46432912
9,-1,0.266,280.4959862,120.3065311,23.46459486
9,-1,0.267,263.8764424,120.3055391,23.46466319
9,-1,0.268,261.8128876,120.3045442,23.46456799
9,-1,0.269,253.5264177,120.303569,23.46435271
9,-1,0.27,245.416665,120.3026341,23.46400117
9,-1,0.271,237.5272781,120.3017517,23.46353278
9,-1,0.272,232.3117712,120.300932,23.46296128
9,-1,0.273,226.5326097,120.3001831,23.46229925
9,-1,0.274,219.4101665,120.2995105,23.46156013
9,-1,0.275,212.9392158,120.2989212,23.46075289
9,-1,0.276,211.1996812,120.2983934,23.45990365
9,-1,0.277,215.6891264,120.2978638,23.45905558
9,-1,0.278,222.1450482,120.2972447,23.45827207
9,-1,0.279,240.1272756,120.2964937,23.45761619
9,-1,0.28,248.7741351,120.2955935,23.45718852
9,-1,0.281,267.8913985,120.2946073,23.45705431
9,-1,0.282,288.3215672,120.2936343,23.45726381
9,-1,0.283,307.6785979,120.2927762,23.45776953
9,-1,0.284,321.9905181,120.2920663,23.45846975
9,-1,0.285,330.4192873,120.29151,23.45929935
9,-1,0.286,336.2728923,120.29106,23.46019172
9,-1,0.287,337.8312943,120.2906724,23.46111351
9,-1,0.288,339.4570082,120.2903177,23.46204843
9,-1,0.289,339.5920734,120.2899669,23.46298486
9,-1,0.29,339.7520354,120.2896115,23.46391958
9,-1,0.291,339.4741912,120.2892694,23.46485921
9,-1,0.292,340.6183645,120.2889296,23.46579966
9,-1,0.293,341.7725811,120.2886041,23.4667452
9,-1,0.294,343.6359317,120.2883025,23.46769857
9,-1,0.295,345.284911,120.2880316,23.4686611
9,-1,0.296,346.773756,120.2877899,23.46963142
9,-1,0.297,347.9660991,120.2875721,23.47060738
9,-1,0.298,348.6154779,120.2873711,23.47158696
9,-1,0.299,348.8522439,120.2871773,23.472568
9,-1,0.3,348.1401121,120.2869802,23.47354837
9,-1,0.301,346.8384074,120.2867667,23.4745253
9,-1,0.302,345.2422714,120.2865271,23.47549611
9,-1,0.303,342.9991994,120.2862523,23.47645751
9,-1,0.304,340.6610749,120.2859377,23.47740663
9,-1,0.305,338.2459359,120.2855773,23.47833925
9,-1,0.306,334.8588739,120.2851727,23.47925354
9,-1,0.307,332.0353565,120.2847231,23.48014658
9,-1,0.308,329.0435805,120.2842289,23.48101567
9,-1,0.309,325.6113081,120.2836885,23.4818568
9,-1,0.31,321.8926123,120.2831005,23.48266524
9,-1,0.311,317.1406051,120.2824598,23.48343259
9,-1,0.312,314.5967487,120.281763,23.48414962
9,-1,0.313,309.6220838,120.281015,23.48481285
9,-1,0.314,307.6352065,120.2802295,23.48543136
9,-1,0.315,303.0964288,120.2794048,23.48599645
9,-1,0.316,298.5086335,120.278551,23.48651627
9,-1,0.317,296.4493506,120.277674,23.48699624
9,-1,0.318,293.0218268,120.2767707,23.48742498
9,-1,0.319,290.7484699,120.2758432,23.48779826
9,-1,0.32,287.1128804,120.2748937,23.48811145
9,-1,0.321,283.9873955,120.2739247,23.48835778
9,-1,0.322,279.9075406,120.272944,23.48855215
9,-1,0.323,276.3194122,120.2719527,23.4886824
9,-1,0.324,272.8942033,120.2709553,23.48875155
9,-1,0.325,269.5942624,120.2699554,23.48875764
9,-1,0.326,266.3948107,120.2689567,23.48870966
9,-1,0.327,260.8899533,120.2679621,23.48860608
9,-1,0.328,259.0515685,120.2669758,23.48844147
9,-1,0.329,256.1290476,120.2659926,23.4882596
9,-1,0.33,253.115564,120.2650268,23.48800096
9,-1,0.331,252.0033994,120.2640729,23.48770099
9,-1,0.332,249.4164698,120.2631323,23.48736165
9,-1,0.333,245.8126055,120.262214,23.48696608
9,-1,0.334,242.5206948,120.2613155,23.48652761
9,-1,0.335,238.5712018,120.2604455,23.48603508
9,-1,0.336,233.0671017,120.2596128,23.48548182
9,-1,0.337,229.8228606,120.2588283,23.4848623
9,-1,0.338,224.0103305,120.2580986,23.48417919
9,-1,0.339,219.5530968,120.2574372,23.48342964
9,-1,0.34,214.0298387,120.2568271,23.48263802
9,-1,0.341,214.3680343,120.2562877,23.48179626
9,-1,0.342,208.8713462,120.2557798,23.48093546
9,-1,0.343,206.639419,120.2553256,23.48004461
9,-1,0.344,204.8716021,120.2548986,23.47914036
9,-1,0.345,203.6013126,120.2544922,23.47822675
9,-1,0.346,203.1505846,120.2540944,23.47730928
9,-1,0.347,202.7261596,120.2537042,23.47638855
9,-1,0.348,202.6089502,120.253319,23.4754657
9,-1,0.349,202.6504035,120.2529346,23.47454256
9,-1,0.35,202.6470987,120.2525498,23.47361956
9,-1,0.351,203.0886998,120.2521616,23.47269799
9,-1,0.352,203.7414721,120.2517657,23.47177971
9,-1,0.353,204.6686883,120.2513575,23.47086683
9,-1,0.354,206.557418,120.2509333,23.46996126
9,-1,0.355,208.0908357,120.2504763,23.46907184
9,-1,0.356,211.5331759,120.2499733,23.46820769
9,-1,0.357,218.8627496,120.2494026,23.467387
9,-1,0.358,222.8646853,120.2487532,23.46662718
9,-1,0.359,228.5999191,120.2480303,23.46593708
9,-1,0.36,236.4491636,120.2472255,23.46534482
9,-1,0.361,245.6089519,120.2463517,23.46486153
9,-1,0.362,255.0177068,120.2454159,23.4645132
9,-1,0.363,265.3425775,120.2444349,23.46432954
9,-1,0.364,275.5790637,120.2434369,23.46432796
9,-1,0.365,281.5579904,120.2424496,23.46448184
9,-1,0.366,269.9116166,120.2414612,23.46461465
9,-1,0.367,261.0954465,120.2404686,23.46451072
9,-1,0.368,274.7710729,120.2394738,23.46445691
9,-1,0.369,290.0163469,120.2385092,23.46469783
9,-1,0.37,298.1543867,120.2376,23.46511101
9,-1,0.371,292.8889457,120.2366947,23.46553562
9,-1,0.372,291.1266088,120.2357699,23.46591594
9,-1,0.373,292.6083127,120.2348442,23.46629394
9,-1,0.374,296.0549676,120.2339373,23.46671479
9,-1,0.375,300.2881815,120.2330627,23.467199
9,-1,0.376,303.8079807,120.2322174,23.46773282
9,-1,0.377,308.2415224,120.2314091,23.4683213
9,-1,0.378,311.1472688,120.2306379,23.46895756
9,-1,0.379,314.6279874,120.2298987,23.46963088
9,-1,0.38,310.0321458,120.2291707,23.47031533
9,-1,0.381,318.6316625,120.2284656,23.47102198
9,-1,0.382,320.6616343,120.2278286,23.4717924
9,-1,0.383,334.2245279,120.2272724,23.47261628
9,-1,0.384,329.994894,120.2267688,23.47347956
9,-1,0.385,336.4408307,120.2263301,23.47437737
9,-1,0.386,341.7681803,120.2259579,23.47530445
9,-1,0.387,349.1003029,120.2257051,23.47627055
9,-1,0.388,0.054850263,120.2256323,23.47726589
9,-1,0.389,4.663423261,120.2256692,23.47826469
9,-1,0.39,11.02266964,120.2258153,23.47925285
9,-1,0.391,18.16093754,120.226075,23.48021745
9,-1,0.392,24.3828764,120.2264386,23.48114833
9,-1,0.393,29.49473502,120.2269269,23.48202001
9,-1,0.394,32.46807498,120.2274535,23.48286974
9,-1,0.395,37.81993453,120.2280178,23.48369476
9,-1,0.396,40.4003126,120.2286502,23.4844691
9,-1,0.397,44.24150637,120.2293271,23.48520498
9,-1,0.398,47.49280761,120.2300417,23.48590441
9,-1,0.399,49.21648698,120.2307921,23.48656508
9,-1,0.4,50.65856775,120.2315601,23.48720554
9,-1,0.401,50.54564449,120.2323428,23.48782783
9,-1,0.402,54.0506128,120.2331353,23.48843696
9,-1,0.403,55.11943536,120.2339524,23.48901334
9,-1,0.404,56.8173433,120.2347804,23.4895741
9,-1,0.405,56.70757061,120.2356163,23.49012286
9,-1,0.406,58.56285766,120.2364591,23.49066094
9,-1,0.407,56.81884846,120.2372998,23.4912023
9,-1,0.408,55.39422204,120.2381309,23.49175842
9,-1,0.409,54.99099741,120.2389521,23.49232899
9,-1,0.41,51.78150865,120.2397562,23.4929231
9,-1,0.411,49.80350151,120.2405275,23.49355946
9,-1,0.412,43.55483117,120.2412495,23.49425054
9,-1,0.413,39.73109538,120.2419132,23.49499805
9,-1,0.414,31.22934128,120.2424947,23.4958101
9,-1,0.415,28.30919707,120.2430078,23.49666819
9,-1,0.416,25.247854,120.243467,23.49755646
9,-1,0.417,25.15906242,120.2438945,23.49846048
9,-1,0.418,24.6717461,120.2443122,23.49936905
9,-1,0.419,23.8921715,120.2447198,23.50028218
9,-1,0.42,23.69599216,120.2451235,23.50119707
9,-1,0.421,22.92923165,120.2455192,23.50211541
9,-1,0.422,21.92934383,120.2459068,23.50303722
9,-1,0.423,22.08599139,120.2462821,23.50396412
9,-1,0.424,23.26795524,120.2466707,23.50488549
9,-1,0.425,26.31916335,120.2471003,23.50578839
9,-1,0.426,31.13490836,120.2475974,23.50665579
9,-1,0.427,39.57633119,120.2481938,23.50745721
9,-1,0.428,51.26457637,120.2489027,23.50816018
9,-1,0.429,58.31209784,120.2497179,23.50873639
9,-1,0.43,69.68354143,120.2506299,23.50914259
9,-1,0.431,80.03049974,120.2516007,23.50937557
9,-1,0.432,89.64040478,120.2525975,23.50943621
9,-1,0.433,97.25826245,120.2535931,23.5093513
9,-1,0.434,103.646048,120.2545718,23.50914859
9,-1,0.435,108.0596525,120.2555289,23.50885965
9,-1,0.436,111.5583106,120.2564679,23.50851623
9,-1,0.437,111.7955397,120.2573958,23.50814336
9,-1,0.438,111.2796973,120.2583223,23.50776713
9,-1,0.439,109.4395173,120.2592572,23.50741272
9,-1,0.44,106.7024721,120.260207,23.50710033
9,-1,0.441,102.3278021,120.2611731,23.50684339
9,-1,0.442,98.21488104,120.2621551,23.50665607
9,-1,0.443,93.1916198,120.263149,23.50655039
9,-1,0.444,88.05992107,120.2641484,23.50653385
9,-1,0.445,82.61089244,120.2651449,23.50661032
9,-1,0.446,78.29498511,120.2661297,23.50678128
9,-1,0.447,72.55707037,120.2670967,23.50703382
9,-1,0.448,68.2934397,120.2680395,23.50736635
9,-1,0.449,64.96671129,120.2689582,23.50776074
9,-1,0.45,63.00243612,120.2698577,23.50819735
9,-1,0.451,62.09309899,120.2707445,23.50865952
9,-1,0.452,63.24241439,120.2716326,23.50911911
9,-1,0.453,65.43111291,120.2725328,23.50955445
9,-1,0.454,69.03154719,120.2734537,23.50994372
9,-1,0.455,74.62823782,120.2744011,23.51026215
9,-1,0.456,79.95729247,120.2753745,23.51048906
9,-1,0.457,86.13398096,120.2763657,23.51061576
9,-1,0.458,90.82251786,120.2773649,23.51063847
9,-1,0.459,91.37208979,120.2783643,23.51060524
9,-1,0.46,90.59095343,120.2793642,23.51059165
9,-1,0.461,92.91285045,120.2803636,23.51056324
9,-1,0.462,98.59749408,120.2813584,23.51046745
9,-1,0.463,100.6646661,120.2823452,23.51030645
9,-1,0.464,104.2423683,120.2833205,23.51008672
9,-1,0.465,107.8129755,120.2842802,23.50980647
9,-1,0.466,111.1706893,120.2852231,23.50947407
9,-1,0.467,115.7412926,120.2861465,23.50909085
9,-1,0.468,123.4743638,120.2870335,23.50863077
9,-1,0.469,133.9526693,120.2878288,23.50802992
9,-1,0.47,161.1615722,120.2883638,23.50719835
9,-1,0.471,172.4743538,120.2885794,23.50622432
9,-1,0.472,174.7846848,120.2886848,23.50523001
9,-1,0.473,173.454954,120.2887894,23.50423553
9,-1,0.474,169.5892537,120.2889315,23.50324581
9,-1,0.475,166.6734803,120.2891239,23.50226468
9,-1,0.476,162.8399135,120.2893813,23.50129868
9,-1,0.477,159.1934294,120.2897041,23.50035249
9,-1,0.478,155.8490676,120.2900895,23.49943
9,-1,0.479,152.7130278,120.290526,23.49853051
9,-1,0.48,150.7308314,120.2910024,23.49765139
9,-1,0.481,149.3058737,120.2914999,23.49678395
9,-1,0.482,149.1414404,120.292006,23.49592149
9,-1,0.483,138.4148444,120.2925231,23.49506892
9,-1,0.484,104.6455457,120.2933415,23.49456652
9,-1,0.485,107.6967811,120.2942939,23.49426234
9,-1,0.486,111.9596709,120.2952325,23.49391827
9,-1,0.487,112.3572722,120.2961569,23.49353684
9,-1,0.488,113.3937857,120.2970777,23.49314694
9,-1,0.489,122.0525717,120.2979797,23.49271917
9,-1,0.49,115.065264,120.2988634,23.49225493
9,-1,0.491,114.8322679,120.299774,23.4918417
9,-1,0.492,114.1456427,120.3006839,23.4914269
9,-1,0.493,113.0736354,120.3015997,23.49102539
9,-1,0.494,111.5936273,120.3025238,23.49064337
9,-1,0.495,110.3519556,120.303459,23.49028934
9,-1,0.496,108.2423323,120.3044042,23.48996328
9,-1,0.497,106.8059096,120.3053616,23.48967491
9,-1,0.498,102.1162877,120.3063306,23.48943009
9,-1,0.499,107.5375979,120.3073041,23.48920457
9,-1,0.5,98.10909947,120.3082804,23.48899966
9,-1,0.501,90.17949913,120.309274,23.4888978
9,-1,0.502,93.47218422,120.3102721,23.48884487
9,-1,0.503,91.13116273,120.3112713,23.48881009
9,-1,0.504,90.53983985,120.312271,23.48881793
9,-1,0.505,89.18731481,120.3132707,23.48883456
9,-1,0.506,86.84350202,120.3142698,23.4888754
9,-1,0.507,85.90632799,120.3152677,23.48893985
9,-1,0.508,85.29677513,120.3162647,23.48901759
9,-1,0.509,85.01276694,120.317261,23.48910282
9,-1,0.51,85.28699122,120.318259,23.48912888
9,-1,0.511,85.17179251,120.3192553,23.48921441
9,-1,0.512,85.20291786,120.3202469,23.48917572
9,-1,0.513,86.16113376,120.3212441,23.48924965
9,-1,0.514,86.50909576,120.3222424,23.4893084
9,-1,0.515,86.30929259,120.3232405,23.48937042
9,-1,0.516,87.19515077,120.3242394,23.48941705
9,-1,0.517,85.69903667,120.3252374,23.48947565
9,-1,0.518,84.23047713,120.3262357,23.48952888
9,-1,0.519,84.40894372,120.3272317,23.48961693
9,-1,0.52,79.71904025,120.3282235,23.48974233
9,-1,0.521,70.3290678,120.3291978,23.48996315
9,-1,0.522,62.12146064,120.3301087,23.49036956
9,-1,0.523,39.93320585,120.3308465,23.49103811
9,-1,0.524,29.32095686,120.3314224,23.49185321
9,-1,0.525,19.29213865,120.3318307,23.49276367
9,-1,0.526,15.21128649,120.3321297,23.49371756
9,-1,0.527,11.87749829,120.3323613,23.49469012
9,-1,0.528,10.29063936,120.3325285,23.49567569
9,-1,0.529,9.586478132,120.3326961,23.49666155
9,-1,0.53,9.7835761,120.3328599,23.49764803
9,-1,0.531,10.21430285,120.3330344,23.49863267
9,-1,0.532,10.84346862,120.3332169,23.49961587
9,-1,0.533,10.86334732,120.333417,23.50059556
9,-1,0.534,9.853637623,120.3335963,23.50157933
9,-1,0.535,7.06066377,120.3337407,23.50256865
9,-1,0.536,4.782936002,120.3338581,23.5035616
9,-1,0.537,1.617765703,120.3339214,23.50455941
9,-1,0.538,358.062134,120.333919,23.50555914
9,-1,0.539,354.1638446,120.3338452,23.50655611
9,-1,0.54,347.668177,120.3337043,23.50754605
9,-1,0.541,342.8365845,120.3334671,23.50851717
9,-1,0.542,340.2325324,120.3331678,23.5094711
9,-1,0.543,337.9448306,120.3328121,23.51040552
9,-1,0.544,337.3536338,120.3324249,23.51132747
9,-1,0.545,337.2676471,120.3320375,23.5122494
9,-1,0.546,338.378079,120.3316635,23.51317681
9,-1,0.547,337.7847746,120.3312916,23.51410505
9,-1,0.548,334.1661953,120.330887,23.5150193
9,-1,0.549,327.4577895,120.3304044,23.51589434
9,-1,0.55,318.8904751,120.3298132,23.51669932
9,-1,0.551,313.2176721,120.3291158,23.51741437
9,-1,0.552,302.7747608,120.3283185,23.51801617
9,-1,0.553,296.174056,120.3274534,23.51851625
9,-1,0.554,295.251725,120.3265512,23.51894746
9,-1,0.555,297.0571925,120.3256506,23.5193818
9,-1,0.556,297.6567809,120.324759,23.51983446
9,-1,0.557,297.1713581,120.3238684,23.52028925
9,-1,0.558,297.2457155,120.3229777,23.52074363
9,-1,0.559,298.3146984,120.322091,23.52120592
9,-1,0.56,299.919148,120.3212164,23.52169067
9,-1,0.561,304.1895473,120.3203723,23.52222615
9,-1,0.562,307.5890942,120.31957,23.52282257
9,-1,0.563,312.5056024,120.3188145,23.52347739
9,-1,0.564,311.7980937,120.3180795,23.52415523
9,-1,0.565,314.6892725,120.3173591,23.52484862
9,-1,0.566,315.9394481,120.3166511,23.5255547
9,-1,0.567,316.531997,120.3159588,23.52627632
9,-1,0.568,318.8662935,120.3152828,23.52701304
9,-1,0.569,316.450572,120.3146489,23.52778527
9,-1,0.57,321.1414179,120.313983,23.52853016
9,-1,0.571,306.4009854,120.313322,23.52927127
9,-1,0.572,322.6682828,120.3126009,23.5299459
9,-1,0.573,325.3838157,120.3120197,23.53075946
9,-1,0.574,336.6414213,120.3115498,23.5316384
9,-1,0.575,333.2794515,120.3111479,23.53255299
9,-1,0.576,337.264067,120.3107491,23.53346959
9,-1,0.577,342.2246318,120.3104247,23.534415
9,-1,0.578,346.5888239,120.3101668,23.53538083
9,-1,0.579,343.2490486,120.3099914,23.53636479
9,-1,0.58,338.6007442,120.309807,23.53733869
9,-1,0.581,355.2002275,120.3096614,23.53831218
9,-1,0.582,8.499064965,120.3097255,23.53930572
9,-1,0.583,4.324576036,120.3098659,23.54029454
9,-1,0.584,18.25004126,120.3101342,23.54125532
9,-1,0.585,23.61849572,120.3106924,23.54206922
9,-1,0.586,29.49693695,120.3111454,23.54296002
9,-1,0.587,39.75611045,120.3117314,23.5437681
9,-1,0.588,42.57415529,120.3123381,23.54456182
9,-1,0.589,33.69258103,120.3129614,23.54533961
9,-1,0.59,52.42917111,120.313668,23.54603578
9,-1,0.591,55.94677486,120.3144829,23.54661492
9,-1,0.592,58.41284459,120.3153277,23.54714968
9,-1,0.593,60.13592847,120.3161959,23.54764579
9,-1,0.594,62.75288159,120.3170787,23.54811569
9,-1,0.595,63.00708323,120.3179598,23.54858838
9,-1,0.596,64.75203098,120.3188565,23.54903091
9,-1,0.597,63.67593937,120.3197587,23.54946213
9,-1,0.598,63.71043015,120.3206598,23.54989565
9,-1,0.599,63.85072349,120.3215506,23.55034942
9,-1,0.6,64.0984814,120.3224512,23.55078408
9,-1,0.601,63.95673694,120.3233504,23.55122161
9,-1,0.602,64.2234775,120.3242496,23.55165897
9,-1,0.603,63.69142889,120.3251383,23.55211696
9,-1,0.604,60.78656524,120.3260299,23.5525695
9,-1,0.605,64.65257528,120.3269439,23.5529665
9,-1,0.606,63.29024011,120.3278424,23.55340538
9,-1,0.607,62.67919515,120.3287284,23.55386899
9,-1,0.608,61.9220127,120.3296133,23.55433465
9,-1,0.609,60.56675625,120.3304904,23.55481502
9,-1,0.61,58.58390461,120.3313549,23.55531753
9,-1,0.611,56.96624004,120.3322015,23.55584963
9,-1,0.612,53.8079823,120.3330226,23.5564202
9,-1,0.613,50.97316711,120.3338154,23.5570295
9,-1,0.614,47.3953043,120.3345764,23.55767803
9,-1,0.615,45.85228121,120.3353063,23.5583614
9,-1,0.616,43.10618732,120.336011,23.5590708
9,-1,0.617,42.24606565,120.3366894,23.55980538
9,-1,0.618,40.44316855,120.3373489,23.56055704
9,-1,0.619,39.23328973,120.3379911,23.56132355
9,-1,0.62,39.37125967,120.3386242,23.56209763
9,-1,0.621,39.50010437,120.3392584,23.56287082
9,-1,0.622,40.26405895,120.3398988,23.56363882
9,-1,0.623,41.52792492,120.3405582,23.56439059
9,-1,0.624,42.79362205,120.3412293,23.5651319
9,-1,0.625,44.30070911,120.3419172,23.56585765
9,-1,0.626,46.17967345,120.3426401,23.56654838
9,-1,0.627,46.87844976,120.3433702,23.56723171
9,-1,0.628,49.8405958,120.3441222,23.56789068
9,-1,0.629,51.12156311,120.3448956,23.5685246
9,-1,0.63,53.5952257,120.3456908,23.5691308
9,-1,0.631,55.77159259,120.3465057,23.56971031
9,-1,0.632,57.87289248,120.3473605,23.57022719
9,-1,0.633,59.19582896,120.3482138,23.57074854
9,-1,0.634,60.05645968,120.3490803,23.57124771
9,-1,0.635,63.1790643,120.3499634,23.5717164
9,-1,0.636,66.94576529,120.3508643,23.57215008
9,-1,0.637,76.51103913,120.3517846,23.57254017
9,-1,0.638,70.30167656,120.3527327,23.57284893
9,-1,0.639,80.05623932,120.3536924,23.57312095
9,-1,0.64,72.21230222,120.3546421,23.57343336
9,-1,0.641,72.8586454,120.3555954,23.57373529
9,-1,0.642,74.57479777,120.3565563,23.57401202
9,-1,0.643,75.941611,120.3575242,23.57426351
9,-1,0.644,77.42336802,120.358498,23.57449047
9,-1,0.645,76.5439224,120.3594739,23.57470867
9,-1,0.646,80.04267357,120.3604565,23.57489357
9,-1,0.647,81.34271628,120.3614438,23.57505175
9,-1,0.648,82.53549994,120.3624344,23.57518854
9,-1,0.649,84.44592363,120.363417,23.57536035
9,-1,0.65,84.54056145,120.3644112,23.57534961
9,-1,0.651,85.48515582,120.3654077,23.57543312
9,-1,0.652,86.49523335,120.3664044,23.57551203
9,-1,0.653,87.41240311,120.3674032,23.5755614
9,-1,0.654,88.67935687,120.3684026,23.57559509
9,-1,0.655,89.47182304,120.3694024,23.57561426
9,-1,0.656,90.19045218,120.3704024,23.57561974
9,-1,0.657,90.86670103,120.3714023,23.57561258
9,-1,0.658,91.48987028,120.3724022,23.57559373
9,-1,0.659,92.06027574,120.3734017,23.57556407
9,-1,0.66,92.58732106,120.3744009,23.57552456
9,-1,0.661,93.27107093,120.375397,23.57544257
9,-1,0.662,93.4309052,120.3763954,23.57538682
9,-1,0.663,93.93527578,120.377393,23.57531825
9,-1,0.664,93.91462759,120.3783897,23.57523731
9,-1,0.665,95.24683768,120.3793868,23.5751626
9,-1,0.666,96.14578908,120.380383,23.57507553
9,-1,0.667,94.54559485,120.3813792,23.57498994
9,-1,0.668,94.67179957,120.382376,23.57490937
9,-1,0.669,94.7455496,120.3833726,23.57482711
9,-1,0.67,94.74673147,120.3843691,23.57474428
9,-1,0.671,94.68338039,120.3853657,23.57466206
9,-1,0.672,94.54461813,120.3863625,23.57458176
9,-1,0.673,94.40167391,120.3873595,23.57450371
9,-1,0.674,94.13885493,120.3883567,23.57442982
9,-1,0.675,93.81355737,120.3893544,23.57436118
9,-1,0.676,93.43540306,120.3903522,23.57429535
9,-1,0.677,93.04639632,120.3913507,23.57424
9,-1,0.678,92.6781539,120.3923495,23.57419131
9,-1,0.679,92.48175382,120.3933485,23.57414807
9,-1,0.68,92.45759635,120.3943476,23.57410563
9,-1,0.681,94.40400838,120.3953462,23.57405318
9,-1,0.682,98.50744534,120.3963417,23.57395927
9,-1,0.683,102.1195035,120.3973273,23.57379171
9,-1,0.684,103.6726042,120.3983029,23.57357231
9,-1,0.685,104.1874752,120.3992738,23.57333291
9,-1,0.686,103.5162489,120.4002422,23.5730834
9,-1,0.687,104.0213296,120.4012135,23.57284542
9,-1,0.688,104.5660087,120.4021812,23.57259341
9,-1,0.689,104.5764859,120.4031496,23.57234394
9,-1,0.69,106.4159499,120.4041138,23.57207956
9,-1,0.691,104.1914275,120.4050828,23.57183237
9,-1,0.692,102.6561961,120.4060578,23.57161032
9,-1,0.693,103.4867202,120.4070303,23.57137746
9,-1,0.694,103.1277516,120.4080037,23.57114833
9,-1,0.695,102.9201076,120.4089781,23.57092368
9,-1,0.696,102.6175993,120.4099536,23.57070349
9,-1,0.697,102.9388193,120.4109291,23.57048362
9,-1,0.698,102.2785825,120.4119058,23.57026905
9,-1,0.699,99.10088441,120.4128871,23.57007825
9,-1,0.7,102.1363531,120.4138657,23.56987314
9,-1,0.701,102.2221964,120.4148433,23.56966269
9,-1,0.702,102.2680594,120.4158206,23.56945073
9,-1,0.703,102.4698524,120.4167972,23.56923571
9,-1,0.704,102.2285575,120.4177738,23.56902065
9,-1,0.705,103.0605964,120.4187489,23.56879901
9,-1,0.706,103.4041944,120.4197222,23.56856975
9,-1,0.707,103.9187825,120.4206938,23.56833316
9,-1,0.708,104.4454357,120.4216632,23.56808736
9,-1,0.709,106.2999379,120.422628,23.5678247
9,-1,0.71,108.8324609,120.4235856,23.56753804
9,-1,0.711,106.6566464,120.4245423,23.56724758
9,-1,0.712,107.5616202,120.4255001,23.56696007
9,-1,0.713,108.4835856,120.426451,23.56665074
9,-1,0.714,109.6154864,120.4273963,23.56632446
9,-1,0.715,110.7752215,120.4283354,23.56598091
9,-1,0.716,112.0077584,120.4292676,23.56561903
9,-1,0.717,113.3290378,120.4301922,23.56523814
9,-1,0.718,113.9528441,120.4311082,23.56483706
9,-1,0.719,115.3410569,120.4320148,23.56441521
9,-1,0.72,116.7228872,120.4329117,23.56397301
9,-1,0.721,118.8781149,120.4337965,23.56350708
9,-1,0.722,125.0683054,120.434672,23.56302574
9,-1,0.723,121.1212424,120.4355095,23.56248104
9,-1,0.724,122.3496449,120.4363602,23.56195548
9,-1,0.725,118.9825224,120.4372132,23.56143467
9,-1,0.726,125.5912723,120.4380532,23.56089496
9,-1,0.727,124.4871016,120.4388709,23.5603194
9,-1,0.728,127.2099578,120.439683,23.55973606
9,-1,0.729,126.9452458,120.4404761,23.55912707
9,-1,0.73,129.1062704,120.4412624,23.55850941
9,-1,0.731,128.4321158,120.4420426,23.5578838
9,-1,0.732,129.8053404,120.4428158,23.55724983
9,-1,0.733,128.0568636,120.4435977,23.5566266
9,-1,0.734,128.7585444,120.4443843,23.55600916
9,-1,0.735,124.7872725,120.4451918,23.55541968
9,-1,0.736,121.9402094,120.4460246,23.55486637
9,-1,0.737,114.477284,120.4468858,23.55435886
9,-1,0.738,115.6178455,120.4477906,23.5539332
9,-1,0.739,114.4424418,120.4487131,23.55354807
9,-1,0.74,108.8789433,120.4496462,23.55318992
9,-1,0.741,101.0181634,120.4506182,23.55295878
9,-1,0.742,96.73603823,120.4516071,23.55281205
9,-1,0.743,93.1328687,120.4526052,23.55275917
9,-1,0.744,90.30574427,120.4536048,23.55273603
9,-1,0.745,88.14077467,120.4546046,23.55275573
9,-1,0.746,86.54879884,120.4556032,23.55280723
9,-1,0.747,85.4236748,120.4566004,23.55288123
9,-1,0.748,84.67817443,120.4575964,23.55297052
9,-1,0.749,55.55929517,120.4585118,23.55328794
9,-1,0.75,83.61251524,120.4594856,23.55345229
9,-1,0.751,83.47611779,120.4604792,23.5535653
9,-1,0.752,83.42901221,120.4614726,23.55367946
9,-1,0.753,83.49876193,120.4624662,23.55379322
9,-1,0.754,83.64430314,120.4634599,23.55390478
9,-1,0.755,83.83374404,120.464454,23.55401315
9,-1,0.756,84.04774349,120.4654485,23.55411776
9,-1,0.757,84.41008414,120.4664434,23.55421867
9,-1,0.758,84.68285337,120.4674388,23.55431483
9,-1,0.759,84.96554859,120.4684346,23.55440617
9,-1,0.76,67.46493643,120.1763882,23.29358185
9,-1,0.761,72.46077872,120.1773274,23.2939237
9,-1,0.762,75.61211551,120.1782874,23.294203
9,-1,0.763,77.53065069,120.1792596,23.29443687
9,-1,0.764,79.17347541,120.1802383,23.29464196
9,-1,0.765,80.33093339,120.1812224,23.29481933
9,-1,0.766,81.43762673,120.1822096,23.29497906
9,-1,0.767,82.58062702,120.1831995,23.29512019
9,-1,0.768,83.51179351,120.1841921,23.29524208
9,-1,0.769,84.34008345,120.1851864,23.29534814
15,-1,0,61.12114408,120.1776722,23.41559941
16,-1,0,288.7372976,120.2016928,23.4423614
16,-1,0.001,297.6490831,120.2008071,23.44282184
16,-1,0.002,303.345679,120.1999719,23.4433699
16,-1,0.003,301.1709269,120.1991377,23.44392074
16,-1,0.004,298.1804913,120.1982686,23.44441468
16,-1,0.005,294.5935356,120.197364,23.44484013
16,-1,0.006,298.0120917,120.1964642,23.44527461
16,-1,0.007,306.3080366,120.1956167,23.44580151
16,-1,0.008,325.2560108,120.1949073,23.44649944
16,-1,0.009,342.9107766,120.1944396,23.44737821
16,-1,0.01,354.0674633,120.1942218,23.44835176
16,-1,0.011,2.794184681,120.1941845,23.44934947
16,-1,0.012,8.711138415,120.1942975,23.4503423
16,-1,0.013,15.75261595,120.1945313,23.4513138
16,-1,0.014,21.89065355,120.194878,23.45225124
16,-1,0.015,27.62673559,120.1953162,23.45314968
16,-1,0.016,33.65268466,120.1958432,23.45399907
16,-1,0.017,38.24262792,120.1964431,23.45479883
16,-1,0.018,42.03281479,120.1970882,23.45556261
16,-1,0.019,42.22100505,120.1977607,23.45630275
16,-1,0.02,41.87507446,120.1984336,23.45704238
16,-1,0.021,39.522492,120.1990905,23.45779626
16,-1,0.022,40.33859896,120.1997272,23.45856719
16,-1,0.023,39.46489207,120.2003583,23.45934283
16,-1,0.024,39.78427513,120.2009982,23.46011111
16,-1,0.025,44.96362388,120.201672,23.46084963
16,-1,0.026,49.24696884,120.2024024,23.46153172
16,-1,0.027,54.55900243,120.2031811,23.46215837
16,-1,0.028,68.73992195,120.2040532,23.46264367
16,-1,0.029,85.02414681,120.2050075,23.46293316
16,-1,0.03,105.7628475,120.2060024,23.46292112
16,-1,0.031,116.7378634,120.206927,23.46255247
16,-1,0.032,144.0292825,120.2076239,23.46184486
16,-1,0.033,165.199588,120.2079837,23.46091807
16,-1,0.034,182.0238817,120.2080496,23.45992208
16,-1,0.035,184.0557946,120.2079943,23.45892374
16,-1,0.036,120.7551346,120.2083231,23.45806662
16,-1,0.037,133.7821762,120.2090984,23.45743858
16,-1,0.038,141.7832712,120.2097709,23.45670012
16,-1,0.039,150.1689158,120.2103476,23.45588412
16,-1,0.04,158.3225614,120.2107953,23.45499075
16,-1,0.041,164.9756353,120.2111213,23.45404623
16,-1,0.042,170.8095997,120.2113393,23.45307094
16,-1,0.043,175.0603143,120.2114591,23.45207854
16,-1,0.044,180.5714597,120.2114852,23.45107946
16,-1,0.045,192.1299993,120.2113664,23.45009017
16,-1,0.046,191.0362102,120.2112079,23.44910286
16,-1,0.047,195.0254272,120.2109893,23.44812736
16,-1,0.048,201.5039978,120.2106724,23.44717964
16,-1,0.049,207.2090082,120.2102635,23.44626777
16,-1,0.05,213.6813403,120.2097714,23.44539815
16,-1,0.051,220.5624699,120.2091781,23.44459414
16,-1,0.052,227.6248057,120.2084935,23.44386591
16,-1,0.053,231.1392664,120.2077056,23.44325385
16,-1,0.054,246.6357805,120.2068881,23.44268798
16,-1,0.055,253.6535659,120.2059903,23.44225465
16,-1,0.056,260.1426613,120.2050097,23.44208729
16,-1,0.057,269.0838049,120.2040179,23.44197017
16,-1,0.058,275.4921302,120.2030196,23.44200862
16,-1,0.059,291.0471189,120.2020482,23.44222464
1,-3,0,65.64311998,120.4866003,23.84538077
1,-3,0.001,42.02493895,120.4874271,23.84592948
1,-3,0.002,29.18990705,120.4880151,23.84673173
1,-3,0.003,11.42204387,120.4883414,23.84767487
1,-3,0.004,358.1209442,120.4884647,23.84866436
1,-3,0.005,341.3844941,120.4882983,23.84964371
1,-3,0.006,324.25442,120.4878491,23.85053101
1,-3,0.007,310.346642,120.4872128,23.85129853
1,-3,0.008,299.3485032,120.4864005,23.85187484
1,-3,0.009,276.886605,120.4854394,23.85212336
1,-3,0.01,252.1510974,120.4844619,23.85196453
1,-3,0.011,217.6176133,120.4836947,23.85135204
1,-3,0.012,188.7543304,120.4833817,23.8504157
1,-3,0.013,195.6147437,120.48322,23.84942965
1,-3,0.014,190.3903815,120.4829604,23.8484642
1,-3,0.015,172.4783179,120.4828863,23.84747357
1,-3,0.016,149.3857183,120.4831836,23.84652968
1,-3,0.017,130.0227151,120.483821,23.845768
1,-3,0.018,108.6530694,120.4846967,23.84529986
1,-3,0.019,88.64936488,120.4856801,23.84516581
2,-3,0,52.91401415,120.4769353,23.84760567
2,-3,0.001,24.08314576,120.4775786,23.84834265
2,-3,0.002,342.0041171,120.4775621,23.84930834
2,-3,0.003,286.0100033,120.4768439,23.84995035
2,-3,0.004,252.3775839,120.4758652,23.84997838
2,-3,0.005,214.0374213,120.4750461,23.84943976
2,-3,0.006,163.0900372,120.4747971,23.84848942
2,-3,0.007,137.4643302,120.4753034,23.84765848
2,-3,0.008,82.37324609,120.4762417,23.84742841
3,-3,0,66.51192227,120.4693393,23.95728684
3,-3,0.001,52.91549537,120.4702265,23.95774469
3,-3,0.002,44.94672287,120.4709943,23.95838256
3,-3,0.003,32.20359489,120.4716433,23.95914119
3,-3,0.004,21.48984282,120.4721426,23.96000643
3,-3,0.005,12.10081591,120.4724852,23.96094449
3,-3,0.006,355.8036176,120.4726065,23.96193286
3,-3,0.007,325.1429252,120.472329,23.96287522
3,-3,0.008,297.4273001,120.4715983,23.96353774
3,-3,0.009,279.3479273,120.4706584,23.96386991
3,-3,0.01,268.7803673,120.469666,23.96398224
3,-3,0.011,258.7754079,120.4686699,23.96390992
3,-3,0.012,248.4594195,120.4677009,23.96366764
3,-3,0.013,242.5153433,120.4667915,23.96325518
3,-3,0.014,226.7369383,120.4659846,23.96266812
3,-3,0.015,216.8077852,120.465326,23.96191909
3,-3,0.016,200.2682497,120.4648792,23.96102905
3,-3,0.017,184.4122152,120.4646967,23.96005059
3,-3,0.018,158.2786235,120.4648169,23.95906318
3,-3,0.019,148.1102223,120.4652707,23.95817652
3,-3,0.02,122.5819824,120.4660119,23.9575136
3,-3,0.021,102.1899652,120.4669201,23.9571126
3,-3,0.022,87.73809831,120.4679102,23.95700138
3,-3,0.023,73.74060112,120.4688964,23.95714385
